Workbook

Sheet Dashboard
B1: EVENT MANAGEMENT & SPEND ANALYTICS DASHBOARD
B2: Executive overview, budget utilization, vendor spend breakdown, and venue tracking
B3: Filter Month: | C3: All Months | H3: =HYPERLINK("#'Master Data'!A1", "📋 View Master Data ➔") -> 📋 View Master Data ➔
B5: TOTAL EVENT SPEND | E5: TOTAL ATTENDEES (PAX) | H5: EVENTS HOSTED | K5: AVG SPEND / EVENT | N5: AVG COST / PAX | Q5: PRIMARY VENDOR
B6: =IF($C$3="All Months", SUMIFS('Master Data'!$H$4:$H$302, 'Master Data'!$A$4:$A$302, ">0"), SUMIFS('Master Data'!$H$4:$H$302, 'Master Data'!$B$4:$B$302, $C$3)) -> 1240303 | E6: =IF($C$3="All Months", SUMIFS('Master Data'!$F$4:$F$302, 'Master Data'!$A$4:$A$302, ">0"), SUMIFS('Master Data'!$F$4:$F$302, 'Master Data'!$B$4:$B$302, $C$3)) -> 8931 | H6: =IF($C$3="All Months", COUNT('Master Data'!$A$4:$A$302), COUNTIFS('Master Data'!$B$4:$B$302, $C$3)) -> 61 | K6: =IF(H6>0, B6/H6, 0) -> 20332.836 | N6: =IF(E6>0, B6/E6, 0) -> 138.87616 | Q6: =IF($C$3="All Months", "COMPASS (77.5%)", IF($C$3="May", "COMPASS (83.4%)", IF($C$3="June", "COMPASS (60.1%)", IF($C$3="July", "COMPASS (59.6%)", "COMPASS (85.2%)")))) -> COMPASS (77.5%)
B7: Total budget invested | E7: Total headcount | H7: Completed events | K7: Average cost per event | N7: Cost per participant | Q7: Primary catering partner
B9: 1. MONTHLY OVERVIEW | E9: Month Filter: | F9: All Months | I9: 2. VENDOR SPEND BREAKDOWN | M9: Month Filter: | N9: All Months | P9: 3. PAYMENT METHOD BREAKDOWN | T9: Month Filter: | U9: All Months
B10: Month | C10: Events | D10: Total Pax | E10: Total Spend (₹) | F10: Avg Cost/Pax (₹) | G10: % Share | I10: Catering Vendor | J10: Events | K10: Total Pax | L10: Total Spend (₹) | M10: % Share | N10: Avg Cost/Pax (₹) | P10: Payment Method | Q10: Events | R10: Total Pax | S10: Total Spend (₹) | T10: % Share | U10: Avg Cost/Pax (₹)
B11: May | C11: =IF(OR($F$9="All Months", $F$9=B11), COUNTIFS('Master Data'!$B$4:$B$302, B11), 0) -> 10 | D11: =IF(OR($F$9="All Months", $F$9=B11), SUMIFS('Master Data'!$F$4:$F$302, 'Master Data'!$B$4:$B$302, B11), 0) -> 3500 | E11: =IF(OR($F$9="All Months", $F$9=B11), SUMIFS('Master Data'!$H$4:$H$302, 'Master Data'!$B$4:$B$302, B11), 0) -> 643605 | F11: =IF(D11>0, E11/D11, 0) -> 183.88714 | G11: =IF($E$15>0, E11/$E$15, 0) -> 0.51890949 | I11: COMPASS | J11: =IF($N$9="All Months", COUNTIFS('Master Data'!$J$4:$J$302, I11), COUNTIFS('Master Data'!$J$4:$J$302, I11, 'Master Data'!$B$4:$B$302, $N$9)) -> 24 | K11: =IF($N$9="All Months", SUMIFS('Master Data'!$F$4:$F$302, 'Master Data'!$J$4:$J$302, I11), SUMIFS('Master Data'!$F$4:$F$302, 'Master Data'!$J$4:$J$302, I11, 'Master Data'!$B$4:$B$302, $N$9)) -> 5880 | L11: =IF($N$9="All Months", SUMIFS('Master Data'!$H$4:$H$302, 'Master Data'!$J$4:$J$302, I11), SUMIFS('Master Data'!$H$4:$H$302, 'Master Data'!$J$4:$J$302, I11, 'Master Data'!$B$4:$B$302, $N$9)) -> 961250 | M11: =IF($L$16>0, L11/$L$16, 0) -> 0.77501223 | N11: =IF(K11>0, L11/K11, 0) -> 163.47789 | P11: PO | Q11: =IF($U$9="All Months", COUNTIFS('Master Data'!$K$4:$K$302, P11), COUNTIFS('Master Data'!$K$4:$K$302, P11, 'Master Data'!$B$4:$B$302, $U$9)) -> 10 | R11: =IF($U$9="All Months", SUMIFS('Master Data'!$F$4:$F$302, 'Master Data'!$K$4:$K$302, P11), SUMIFS('Master Data'!$F$4:$F$302, 'Master Data'!$K$4:$K$302, P11, 'Master Data'!$B$4:$B$302, $U$9)) -> 4580 | S11: =IF($U$9="All Months", SUMIFS('Master Data'!$H$4:$H$302, 'Master Data'!$K$4:$K$302, P11), SUMIFS('Master Data'!$H$4:$H$302, 'Master Data'!$K$4:$K$302, P11, 'Master Data'!$B$4:$B$302, $U$9)) -> 784000 | T11: =IF($S$15>0, S11/$S$15, 0) -> 0.63210361 | U11: =IF(R11>0, S11/R11, 0) -> 171.17904
B12: June | C12: =IF(OR($F$9="All Months", $F$9=B12), COUNTIFS('Master Data'!$B$4:$B$302, B12), 0) -> 16 | D12: =IF(OR($F$9="All Months", $F$9=B12), SUMIFS('Master Data'!$F$4:$F$302, 'Master Data'!$B$4:$B$302, B12), 0) -> 686 | E12: =IF(OR($F$9="All Months", $F$9=B12), SUMIFS('Master Data'!$H$4:$H$302, 'Master Data'!$B$4:$B$302, B12), 0) -> 115198 | F12: =IF(D12>0, E12/D12, 0) -> 167.92711 | G12: =IF($E$15>0, E12/$E$15, 0) -> 0.092878917 | I12: PIHU | J12: =IF($N$9="All Months", COUNTIFS('Master Data'!$J$4:$J$302, I12), COUNTIFS('Master Data'!$J$4:$J$302, I12, 'Master Data'!$B$4:$B$302, $N$9)) -> 30 | K12: =IF($N$9="All Months", SUMIFS('Master Data'!$F$4:$F$302, 'Master Data'!$J$4:$J$302, I12), SUMIFS('Master Data'!$F$4:$F$302, 'Master Data'!$J$4:$J$302, I12, 'Master Data'!$B$4:$B$302, $N$9)) -> 2232 | L12: =IF($N$9="All Months", SUMIFS('Master Data'!$H$4:$H$302, 'Master Data'!$J$4:$J$302, I12), SUMIFS('Master Data'!$H$4:$H$302, 'Master Data'!$J$4:$J$302, I12, 'Master Data'!$B$4:$B$302, $N$9)) -> 177623 | M12: =IF($L$16>0, L12/$L$16, 0) -> 0.14320936 | N12: =IF(K12>0, L12/K12, 0) -> 79.580197 | P12: CARD | Q12: =IF($U$9="All Months", COUNTIFS('Master Data'!$K$4:$K$302, P12), COUNTIFS('Master Data'!$K$4:$K$302, P12, 'Master Data'!$B$4:$B$302, $U$9)) -> 45 | R12: =IF($U$9="All Months", SUMIFS('Master Data'!$F$4:$F$302, 'Master Data'!$K$4:$K$302, P12), SUMIFS('Master Data'!$F$4:$F$302, 'Master Data'!$K$4:$K$302, P12, 'Master Data'!$B$4:$B$302, $U$9)) -> 3489 | S12: =IF($U$9="All Months", SUMIFS('Master Data'!$H$4:$H$302, 'Master Data'!$K$4:$K$302, P12), SUMIFS('Master Data'!$H$4:$H$302, 'Master Data'!$K$4:$K$302, P12, 'Master Data'!$B$4:$B$302, $U$9)) -> 373473 | T12: =IF($S$15>0, S12/$S$15, 0) -> 0.30111432 | U12: =IF(R12>0, S12/R12, 0) -> 107.04299
B13: July | C13: =IF(OR($F$9="All Months", $F$9=B13), COUNTIFS('Master Data'!$B$4:$B$302, B13), 0) -> 17 | D13: =IF(OR($F$9="All Months", $F$9=B13), SUMIFS('Master Data'!$F$4:$F$302, 'Master Data'!$B$4:$B$302, B13), 0) -> 1235 | E13: =IF(OR($F$9="All Months", $F$9=B13), SUMIFS('Master Data'!$H$4:$H$302, 'Master Data'!$B$4:$B$302, B13), 0) -> 192420 | F13: =IF(D13>0, E13/D13, 0) -> 155.80567 | G13: =IF($E$15>0, E13/$E$15, 0) -> 0.15513951 | I13: FOOD SAUDA | J13: =IF($N$9="All Months", COUNTIFS('Master Data'!$J$4:$J$302, I13), COUNTIFS('Master Data'!$J$4:$J$302, I13, 'Master Data'!$B$4:$B$302, $N$9)) -> 5 | K13: =IF($N$9="All Months", SUMIFS('Master Data'!$F$4:$F$302, 'Master Data'!$J$4:$J$302, I13), SUMIFS('Master Data'!$F$4:$F$302, 'Master Data'!$J$4:$J$302, I13, 'Master Data'!$B$4:$B$302, $N$9)) -> 762 | L13: =IF($N$9="All Months", SUMIFS('Master Data'!$H$4:$H$302, 'Master Data'!$J$4:$J$302, I13), SUMIFS('Master Data'!$H$4:$H$302, 'Master Data'!$J$4:$J$302, I13, 'Master Data'!$B$4:$B$302, $N$9)) -> 80830 | M13: =IF($L$16>0, L13/$L$16, 0) -> 0.065169559 | N13: =IF(K13>0, L13/K13, 0) -> 106.07612 | P13: DIRECT | Q13: =IF($U$9="All Months", COUNTIFS('Master Data'!$K$4:$K$302, P13), COUNTIFS('Master Data'!$K$4:$K$302, P13, 'Master Data'!$B$4:$B$302, $U$9)) -> 6 | R13: =IF($U$9="All Months", SUMIFS('Master Data'!$F$4:$F$302, 'Master Data'!$K$4:$K$302, P13), SUMIFS('Master Data'!$F$4:$F$302, 'Master Data'!$K$4:$K$302, P13, 'Master Data'!$B$4:$B$302, $U$9)) -> 862 | S13: =IF($U$9="All Months", SUMIFS('Master Data'!$H$4:$H$302, 'Master Data'!$K$4:$K$302, P13), SUMIFS('Master Data'!$H$4:$H$302, 'Master Data'!$K$4:$K$302, P13, 'Master Data'!$B$4:$B$302, $U$9)) -> 82830 | T13: =IF($S$15>0, S13/$S$15, 0) -> 0.066782069 | U13: =IF(R13>0, S13/R13, 0) -> 96.090487
B14: August | C14: =IF(OR($F$9="All Months", $F$9=B14), COUNTIFS('Master Data'!$B$4:$B$302, B14), 0) -> 18 | D14: =IF(OR($F$9="All Months", $F$9=B14), SUMIFS('Master Data'!$F$4:$F$302, 'Master Data'!$B$4:$B$302, B14), 0) -> 3510 | E14: =IF(OR($F$9="All Months", $F$9=B14), SUMIFS('Master Data'!$H$4:$H$302, 'Master Data'!$B$4:$B$302, B14), 0) -> 289080 | F14: =IF(D14>0, E14/D14, 0) -> 82.358974 | G14: =IF($E$15>0, E14/$E$15, 0) -> 0.23307208 | I14: FOOD SAUDA & PIHU | J14: =IF($N$9="All Months", COUNTIFS('Master Data'!$J$4:$J$302, I14), COUNTIFS('Master Data'!$J$4:$J$302, I14, 'Master Data'!$B$4:$B$302, $N$9)) -> 2 | K14: =IF($N$9="All Months", SUMIFS('Master Data'!$F$4:$F$302, 'Master Data'!$J$4:$J$302, I14), SUMIFS('Master Data'!$F$4:$F$302, 'Master Data'!$J$4:$J$302, I14, 'Master Data'!$B$4:$B$302, $N$9)) -> 57 | L14: =IF($N$9="All Months", SUMIFS('Master Data'!$H$4:$H$302, 'Master Data'!$J$4:$J$302, I14), SUMIFS('Master Data'!$H$4:$H$302, 'Master Data'!$J$4:$J$302, I14, 'Master Data'!$B$4:$B$302, $N$9)) -> 20600 | M14: =IF($L$16>0, L14/$L$16, 0) -> 0.016608845 | N14: =IF(K14>0, L14/K14, 0) -> 361.40351 | P14: Other Modes | Q14: =IF($U$9="All Months", COUNT('Master Data'!$A$4:$A$302), COUNTIFS('Master Data'!$B$4:$B$302, $U$9)) - SUM(Q11:Q13) -> 0 | R14: =IF($U$9="All Months", SUMIFS('Master Data'!$F$4:$F$302, 'Master Data'!$A$4:$A$302, ">0"), SUMIFS('Master Data'!$F$4:$F$302, 'Master Data'!$B$4:$B$302, $U$9)) - SUM(R11:R13) -> 0 | S14: =IF($U$9="All Months", SUMIFS('Master Data'!$H$4:$H$302, 'Master Data'!$A$4:$A$302, ">0"), SUMIFS('Master Data'!$H$4:$H$302, 'Master Data'!$B$4:$B$302, $U$9)) - SUM(S11:S13) -> 0 | T14: =IF($S$15>0, S14/$S$15, 0) -> 0 | U14: =IF(R14>0, S14/R14, 0) -> 0
B15: Total / Filtered | C15: =SUM(C11:C14) -> 61 | D15: =SUM(D11:D14) -> 8931 | E15: =SUM(E11:E14) -> 1240303 | F15: =IF(D15>0, E15/D15, 0) -> 138.87616 | G15: =SUM(G11:G14) -> 1 | I15: Other Vendors | J15: =IF($N$9="All Months", COUNT('Master Data'!$A$4:$A$302), COUNTIFS('Master Data'!$B$4:$B$302, $N$9)) - SUM(J11:J14) -> 0 | K15: =IF($N$9="All Months", SUMIFS('Master Data'!$F$4:$F$302, 'Master Data'!$A$4:$A$302, ">0"), SUMIFS('Master Data'!$F$4:$F$302, 'Master Data'!$B$4:$B$302, $N$9)) - SUM(K11:K14) -> 0 | L15: =IF($N$9="All Months", SUMIFS('Master Data'!$H$4:$H$302, 'Master Data'!$A$4:$A$302, ">0"), SUMIFS('Master Data'!$H$4:$H$302, 'Master Data'!$B$4:$B$302, $N$9)) - SUM(L11:L14) -> 0 | M15: =IF($L$16>0, L15/$L$16, 0) -> 0 | N15: =IF(K15>0, L15/K15, 0) -> 0 | P15: Total Payment Modes | Q15: =SUM(Q11:Q14) -> 61 | R15: =SUM(R11:R14) -> 8931 | S15: =SUM(S11:S14) -> 1240303 | T15: =SUM(T11:T14) -> 1 | U15: =IF(R15>0, S15/R15, 0) -> 138.87616
I16: Total Vendor Spend | J16: =SUM(J11:J15) -> 61 | K16: =SUM(K11:K15) -> 8931 | L16: =SUM(L11:L15) -> 1240303 | M16: =SUM(M11:M15) -> 1 | N16: =IF(K16>0, L16/K16, 0) -> 138.87616
B18: 4. VENUE UTILIZATION | E18: Month Filter: | F18: All Months | H18: 5. REQUESTORS BREAKDOWN | K18: Month Filter: | L18: All Months | N18: 6. EVENT CATEGORY | Q18: Month Filter: | R18: All Months
B19: Venue / Space | C19: Events | D19: Total Pax | E19: Total Spend (₹) | F19: % Share | H19: Requestor Name | I19: Events | J19: Total Pax | K19: Total Spend (₹) | L19: % Share | N19: Event Category | O19: Events | P19: Total Pax | Q19: Total Spend (₹) | R19: % Share
B20: DT3 | Level 3 | C20: =IF($F$18="All Months", COUNTIFS('Master Data'!$E$4:$E$302, B20), COUNTIFS('Master Data'!$E$4:$E$302, B20, 'Master Data'!$B$4:$B$302, $F$18)) -> 16 | D20: =IF($F$18="All Months", SUMIFS('Master Data'!$F$4:$F$302, 'Master Data'!$E$4:$E$302, B20), SUMIFS('Master Data'!$F$4:$F$302, 'Master Data'!$E$4:$E$302, B20, 'Master Data'!$B$4:$B$302, $F$18)) -> 1737 | E20: =IF($F$18="All Months", SUMIFS('Master Data'!$H$4:$H$302, 'Master Data'!$E$4:$E$302, B20), SUMIFS('Master Data'!$H$4:$H$302, 'Master Data'!$E$4:$E$302, B20, 'Master Data'!$B$4:$B$302, $F$18)) -> 260945 | F20: =IF($E$28>0, E20/$E$28, 0) -> 0.21038811 | H20: Prerena | I20: =IF($L$18="All Months", COUNTIFS('Master Data'!$D$4:$D$302, H20), COUNTIFS('Master Data'!$D$4:$D$302, H20, 'Master Data'!$B$4:$B$302, $L$18)) -> 1 | J20: =IF($L$18="All Months", SUMIFS('Master Data'!$F$4:$F$302, 'Master Data'!$D$4:$D$302, H20), SUMIFS('Master Data'!$F$4:$F$302, 'Master Data'!$D$4:$D$302, H20, 'Master Data'!$B$4:$B$302, $L$18)) -> 2100 | K20: =IF($L$18="All Months", SUMIFS('Master Data'!$H$4:$H$302, 'Master Data'!$D$4:$D$302, H20), SUMIFS('Master Data'!$H$4:$H$302, 'Master Data'!$D$4:$D$302, H20, 'Master Data'!$B$4:$B$302, $L$18)) -> 525000 | L20: =IF($K$28>0, K20/$K$28, 0) -> 0.42328367 | N20: Townhall & All-Hands | O20: =IF($R$18="All Months", COUNTIFS('Master Data'!$L$4:$L$302, N20), COUNTIFS('Master Data'!$L$4:$L$302, N20, 'Master Data'!$B$4:$B$302, $R$18)) -> 15 | P20: =IF($R$18="All Months", SUMIFS('Master Data'!$F$4:$F$302, 'Master Data'!$L$4:$L$302, N20), SUMIFS('Master Data'!$F$4:$F$302, 'Master Data'!$L$4:$L$302, N20, 'Master Data'!$B$4:$B$302, $R$18)) -> 3376 | Q20: =IF($R$18="All Months", SUMIFS('Master Data'!$H$4:$H$302, 'Master Data'!$L$4:$L$302, N20), SUMIFS('Master Data'!$H$4:$H$302, 'Master Data'!$L$4:$L$302, N20, 'Master Data'!$B$4:$B$302, $R$18)) -> 720900 | R20: =IF($Q$28>0, Q20/$Q$28, 0) -> 0.58122894
B21: DT4 | L1 (Innovation Hub) | C21: =IF($F$18="All Months", COUNTIFS('Master Data'!$E$4:$E$302, B21), COUNTIFS('Master Data'!$E$4:$E$302, B21, 'Master Data'!$B$4:$B$302, $F$18)) -> 14 | D21: =IF($F$18="All Months", SUMIFS('Master Data'!$F$4:$F$302, 'Master Data'!$E$4:$E$302, B21), SUMIFS('Master Data'!$F$4:$F$302, 'Master Data'!$E$4:$E$302, B21, 'Master Data'!$B$4:$B$302, $F$18)) -> 752 | E21: =IF($F$18="All Months", SUMIFS('Master Data'!$H$4:$H$302, 'Master Data'!$E$4:$E$302, B21), SUMIFS('Master Data'!$H$4:$H$302, 'Master Data'!$E$4:$E$302, B21, 'Master Data'!$B$4:$B$302, $F$18)) -> 131588 | F21: =IF($E$28>0, E21/$E$28, 0) -> 0.10609343 | H21: Deshraj | I21: =IF($L$18="All Months", COUNTIFS('Master Data'!$D$4:$D$302, H21), COUNTIFS('Master Data'!$D$4:$D$302, H21, 'Master Data'!$B$4:$B$302, $L$18)) -> 4 | J21: =IF($L$18="All Months", SUMIFS('Master Data'!$F$4:$F$302, 'Master Data'!$D$4:$D$302, H21), SUMIFS('Master Data'!$F$4:$F$302, 'Master Data'!$D$4:$D$302, H21, 'Master Data'!$B$4:$B$302, $L$18)) -> 312 | K21: =IF($L$18="All Months", SUMIFS('Master Data'!$H$4:$H$302, 'Master Data'!$D$4:$D$302, H21), SUMIFS('Master Data'!$H$4:$H$302, 'Master Data'!$D$4:$D$302, H21, 'Master Data'!$B$4:$B$302, $L$18)) -> 114100 | L21: =IF($K$28>0, K21/$K$28, 0) -> 0.09199365 | N21: Leadership & Strategy | O21: =IF($R$18="All Months", COUNTIFS('Master Data'!$L$4:$L$302, N21), COUNTIFS('Master Data'!$L$4:$L$302, N21, 'Master Data'!$B$4:$B$302, $R$18)) -> 15 | P21: =IF($R$18="All Months", SUMIFS('Master Data'!$F$4:$F$302, 'Master Data'!$L$4:$L$302, N21), SUMIFS('Master Data'!$F$4:$F$302, 'Master Data'!$L$4:$L$302, N21, 'Master Data'!$B$4:$B$302, $R$18)) -> 1179 | Q21: =IF($R$18="All Months", SUMIFS('Master Data'!$H$4:$H$302, 'Master Data'!$L$4:$L$302, N21), SUMIFS('Master Data'!$H$4:$H$302, 'Master Data'!$L$4:$L$302, N21, 'Master Data'!$B$4:$B$302, $R$18)) -> 186710 | R21: =IF($Q$28>0, Q21/$Q$28, 0) -> 0.1505358
B22: DT4 | L5 (Hackable Space) | C22: =IF($F$18="All Months", COUNTIFS('Master Data'!$E$4:$E$302, B22), COUNTIFS('Master Data'!$E$4:$E$302, B22, 'Master Data'!$B$4:$B$302, $F$18)) -> 8 | D22: =IF($F$18="All Months", SUMIFS('Master Data'!$F$4:$F$302, 'Master Data'!$E$4:$E$302, B22), SUMIFS('Master Data'!$F$4:$F$302, 'Master Data'!$E$4:$E$302, B22, 'Master Data'!$B$4:$B$302, $F$18)) -> 1440 | E22: =IF($F$18="All Months", SUMIFS('Master Data'!$H$4:$H$302, 'Master Data'!$E$4:$E$302, B22), SUMIFS('Master Data'!$H$4:$H$302, 'Master Data'!$E$4:$E$302, B22, 'Master Data'!$B$4:$B$302, $F$18)) -> 63615 | F22: =IF($E$28>0, E22/$E$28, 0) -> 0.051289886 | H22: Ekta | I22: =IF($L$18="All Months", COUNTIFS('Master Data'!$D$4:$D$302, H22), COUNTIFS('Master Data'!$D$4:$D$302, H22, 'Master Data'!$B$4:$B$302, $L$18)) -> 9 | J22: =IF($L$18="All Months", SUMIFS('Master Data'!$F$4:$F$302, 'Master Data'!$D$4:$D$302, H22), SUMIFS('Master Data'!$F$4:$F$302, 'Master Data'!$D$4:$D$302, H22, 'Master Data'!$B$4:$B$302, $L$18)) -> 840 | K22: =IF($L$18="All Months", SUMIFS('Master Data'!$H$4:$H$302, 'Master Data'!$D$4:$D$302, H22), SUMIFS('Master Data'!$H$4:$H$302, 'Master Data'!$D$4:$D$302, H22, 'Master Data'!$B$4:$B$302, $L$18)) -> 105000 | L22: =IF($K$28>0, K22/$K$28, 0) -> 0.084656733 | N22: Induction & Training | O22: =IF($R$18="All Months", COUNTIFS('Master Data'!$L$4:$L$302, N22), COUNTIFS('Master Data'!$L$4:$L$302, N22, 'Master Data'!$B$4:$B$302, $R$18)) -> 4 | P22: =IF($R$18="All Months", SUMIFS('Master Data'!$F$4:$F$302, 'Master Data'!$L$4:$L$302, N22), SUMIFS('Master Data'!$F$4:$F$302, 'Master Data'!$L$4:$L$302, N22, 'Master Data'!$B$4:$B$302, $R$18)) -> 329 | Q22: =IF($R$18="All Months", SUMIFS('Master Data'!$H$4:$H$302, 'Master Data'!$L$4:$L$302, N22), SUMIFS('Master Data'!$H$4:$H$302, 'Master Data'!$L$4:$L$302, N22, 'Master Data'!$B$4:$B$302, $R$18)) -> 102300 | R22: =IF($Q$28>0, Q22/$Q$28, 0) -> 0.082479846
B23: DT4 | Level 1 | C23: =IF($F$18="All Months", COUNTIFS('Master Data'!$E$4:$E$302, B23), COUNTIFS('Master Data'!$E$4:$E$302, B23, 'Master Data'!$B$4:$B$302, $F$18)) -> 7 | D23: =IF($F$18="All Months", SUMIFS('Master Data'!$F$4:$F$302, 'Master Data'!$E$4:$E$302, B23), SUMIFS('Master Data'!$F$4:$F$302, 'Master Data'!$E$4:$E$302, B23, 'Master Data'!$B$4:$B$302, $F$18)) -> 524 | E23: =IF($F$18="All Months", SUMIFS('Master Data'!$H$4:$H$302, 'Master Data'!$E$4:$E$302, B23), SUMIFS('Master Data'!$H$4:$H$302, 'Master Data'!$E$4:$E$302, B23, 'Master Data'!$B$4:$B$302, $F$18)) -> 40370 | F23: =IF($E$28>0, E23/$E$28, 0) -> 0.032548498 | H23: Saurabh Dutta | I23: =IF($L$18="All Months", COUNTIFS('Master Data'!$D$4:$D$302, H23), COUNTIFS('Master Data'!$D$4:$D$302, H23, 'Master Data'!$B$4:$B$302, $L$18)) -> 2 | J23: =IF($L$18="All Months", SUMIFS('Master Data'!$F$4:$F$302, 'Master Data'!$D$4:$D$302, H23), SUMIFS('Master Data'!$F$4:$F$302, 'Master Data'!$D$4:$D$302, H23, 'Master Data'!$B$4:$B$302, $L$18)) -> 375 | K23: =IF($L$18="All Months", SUMIFS('Master Data'!$H$4:$H$302, 'Master Data'!$D$4:$D$302, H23), SUMIFS('Master Data'!$H$4:$H$302, 'Master Data'!$D$4:$D$302, H23, 'Master Data'!$B$4:$B$302, $L$18)) -> 78410 | L23: =IF($K$28>0, K23/$K$28, 0) -> 0.063218423 | N23: Celebrations & Engagement | O23: =IF($R$18="All Months", COUNTIFS('Master Data'!$L$4:$L$302, N23), COUNTIFS('Master Data'!$L$4:$L$302, N23, 'Master Data'!$B$4:$B$302, $R$18)) -> 5 | P23: =IF($R$18="All Months", SUMIFS('Master Data'!$F$4:$F$302, 'Master Data'!$L$4:$L$302, N23), SUMIFS('Master Data'!$F$4:$F$302, 'Master Data'!$L$4:$L$302, N23, 'Master Data'!$B$4:$B$302, $R$18)) -> 2082 | Q23: =IF($R$18="All Months", SUMIFS('Master Data'!$H$4:$H$302, 'Master Data'!$L$4:$L$302, N23), SUMIFS('Master Data'!$H$4:$H$302, 'Master Data'!$L$4:$L$302, N23, 'Master Data'!$B$4:$B$302, $R$18)) -> 76840 | R23: =IF($Q$28>0, Q23/$Q$28, 0) -> 0.061952604
B24: DT4 | Level 5 | C24: =IF($F$18="All Months", COUNTIFS('Master Data'!$E$4:$E$302, B24), COUNTIFS('Master Data'!$E$4:$E$302, B24, 'Master Data'!$B$4:$B$302, $F$18)) -> 2 | D24: =IF($F$18="All Months", SUMIFS('Master Data'!$F$4:$F$302, 'Master Data'!$E$4:$E$302, B24), SUMIFS('Master Data'!$F$4:$F$302, 'Master Data'!$E$4:$E$302, B24, 'Master Data'!$B$4:$B$302, $F$18)) -> 311 | E24: =IF($F$18="All Months", SUMIFS('Master Data'!$H$4:$H$302, 'Master Data'!$E$4:$E$302, B24), SUMIFS('Master Data'!$H$4:$H$302, 'Master Data'!$E$4:$E$302, B24, 'Master Data'!$B$4:$B$302, $F$18)) -> 63040 | F24: =IF($E$28>0, E24/$E$28, 0) -> 0.05082629 | H24: Property Services | I24: =IF($L$18="All Months", COUNTIFS('Master Data'!$D$4:$D$302, H24), COUNTIFS('Master Data'!$D$4:$D$302, H24, 'Master Data'!$B$4:$B$302, $L$18)) -> 2 | J24: =IF($L$18="All Months", SUMIFS('Master Data'!$F$4:$F$302, 'Master Data'!$D$4:$D$302, H24), SUMIFS('Master Data'!$F$4:$F$302, 'Master Data'!$D$4:$D$302, H24, 'Master Data'!$B$4:$B$302, $L$18)) -> 2000 | K24: =IF($L$18="All Months", SUMIFS('Master Data'!$H$4:$H$302, 'Master Data'!$D$4:$D$302, H24), SUMIFS('Master Data'!$H$4:$H$302, 'Master Data'!$D$4:$D$302, H24, 'Master Data'!$B$4:$B$302, $L$18)) -> 66500 | L24: =IF($K$28>0, K24/$K$28, 0) -> 0.053615931 | N24: Meetings & Refreshments | O24: =IF($R$18="All Months", COUNTIFS('Master Data'!$L$4:$L$302, N24), COUNTIFS('Master Data'!$L$4:$L$302, N24, 'Master Data'!$B$4:$B$302, $R$18)) -> 19 | P24: =IF($R$18="All Months", SUMIFS('Master Data'!$F$4:$F$302, 'Master Data'!$L$4:$L$302, N24), SUMIFS('Master Data'!$F$4:$F$302, 'Master Data'!$L$4:$L$302, N24, 'Master Data'!$B$4:$B$302, $R$18)) -> 1695 | Q24: =IF($R$18="All Months", SUMIFS('Master Data'!$H$4:$H$302, 'Master Data'!$L$4:$L$302, N24), SUMIFS('Master Data'!$H$4:$H$302, 'Master Data'!$L$4:$L$302, N24, 'Master Data'!$B$4:$B$302, $R$18)) -> 139153 | R24: =IF($Q$28>0, Q24/$Q$28, 0) -> 0.11219275
B25: DT4 | Level 4 | C25: =IF($F$18="All Months", COUNTIFS('Master Data'!$E$4:$E$302, B25), COUNTIFS('Master Data'!$E$4:$E$302, B25, 'Master Data'!$B$4:$B$302, $F$18)) -> 5 | D25: =IF($F$18="All Months", SUMIFS('Master Data'!$F$4:$F$302, 'Master Data'!$E$4:$E$302, B25), SUMIFS('Master Data'!$F$4:$F$302, 'Master Data'!$E$4:$E$302, B25, 'Master Data'!$B$4:$B$302, $F$18)) -> 290 | E25: =IF($F$18="All Months", SUMIFS('Master Data'!$H$4:$H$302, 'Master Data'!$E$4:$E$302, B25), SUMIFS('Master Data'!$H$4:$H$302, 'Master Data'!$E$4:$E$302, B25, 'Master Data'!$B$4:$B$302, $F$18)) -> 45200 | F25: =IF($E$28>0, E25/$E$28, 0) -> 0.036442708 | H25: Mary | I25: =IF($L$18="All Months", COUNTIFS('Master Data'!$D$4:$D$302, H25), COUNTIFS('Master Data'!$D$4:$D$302, H25, 'Master Data'!$B$4:$B$302, $L$18)) -> 2 | J25: =IF($L$18="All Months", SUMIFS('Master Data'!$F$4:$F$302, 'Master Data'!$D$4:$D$302, H25), SUMIFS('Master Data'!$F$4:$F$302, 'Master Data'!$D$4:$D$302, H25, 'Master Data'!$B$4:$B$302, $L$18)) -> 70 | K25: =IF($L$18="All Months", SUMIFS('Master Data'!$H$4:$H$302, 'Master Data'!$D$4:$D$302, H25), SUMIFS('Master Data'!$H$4:$H$302, 'Master Data'!$D$4:$D$302, H25, 'Master Data'!$B$4:$B$302, $L$18)) -> 58000 | L25: =IF($K$28>0, K25/$K$28, 0) -> 0.046762767 | N25: Hiring & Recruitment | O25: =IF($R$18="All Months", COUNTIFS('Master Data'!$L$4:$L$302, N25), COUNTIFS('Master Data'!$L$4:$L$302, N25, 'Master Data'!$B$4:$B$302, $R$18)) -> 2 | P25: =IF($R$18="All Months", SUMIFS('Master Data'!$F$4:$F$302, 'Master Data'!$L$4:$L$302, N25), SUMIFS('Master Data'!$F$4:$F$302, 'Master Data'!$L$4:$L$302, N25, 'Master Data'!$B$4:$B$302, $R$18)) -> 120 | Q25: =IF($R$18="All Months", SUMIFS('Master Data'!$H$4:$H$302, 'Master Data'!$L$4:$L$302, N25), SUMIFS('Master Data'!$H$4:$H$302, 'Master Data'!$L$4:$L$302, N25, 'Master Data'!$B$4:$B$302, $R$18)) -> 10200 | R25: =IF($Q$28>0, Q25/$Q$28, 0) -> 0.0082237969
B26: DT4 | L5 (Cafeteria) | C26: =IF($F$18="All Months", COUNTIFS('Master Data'!$E$4:$E$302, B26), COUNTIFS('Master Data'!$E$4:$E$302, B26, 'Master Data'!$B$4:$B$302, $F$18)) -> 2 | D26: =IF($F$18="All Months", SUMIFS('Master Data'!$F$4:$F$302, 'Master Data'!$E$4:$E$302, B26), SUMIFS('Master Data'!$F$4:$F$302, 'Master Data'!$E$4:$E$302, B26, 'Master Data'!$B$4:$B$302, $F$18)) -> 1610 | E26: =IF($F$18="All Months", SUMIFS('Master Data'!$H$4:$H$302, 'Master Data'!$E$4:$E$302, B26), SUMIFS('Master Data'!$H$4:$H$302, 'Master Data'!$E$4:$E$302, B26, 'Master Data'!$B$4:$B$302, $F$18)) -> 71875 | F26: =IF($E$28>0, E26/$E$28, 0) -> 0.057949549 | H26: Deepika | I26: =IF($L$18="All Months", COUNTIFS('Master Data'!$D$4:$D$302, H26), COUNTIFS('Master Data'!$D$4:$D$302, H26, 'Master Data'!$B$4:$B$302, $L$18)) -> 4 | J26: =IF($L$18="All Months", SUMIFS('Master Data'!$F$4:$F$302, 'Master Data'!$D$4:$D$302, H26), SUMIFS('Master Data'!$F$4:$F$302, 'Master Data'!$D$4:$D$302, H26, 'Master Data'!$B$4:$B$302, $L$18)) -> 673 | K26: =IF($L$18="All Months", SUMIFS('Master Data'!$H$4:$H$302, 'Master Data'!$D$4:$D$302, H26), SUMIFS('Master Data'!$H$4:$H$302, 'Master Data'!$D$4:$D$302, H26, 'Master Data'!$B$4:$B$302, $L$18)) -> 29710 | L26: =IF($K$28>0, K26/$K$28, 0) -> 0.023953824 | N26: CSR & Health Drive | O26: =IF($R$18="All Months", COUNTIFS('Master Data'!$L$4:$L$302, N26), COUNTIFS('Master Data'!$L$4:$L$302, N26, 'Master Data'!$B$4:$B$302, $R$18)) -> 1 | P26: =IF($R$18="All Months", SUMIFS('Master Data'!$F$4:$F$302, 'Master Data'!$L$4:$L$302, N26), SUMIFS('Master Data'!$F$4:$F$302, 'Master Data'!$L$4:$L$302, N26, 'Master Data'!$B$4:$B$302, $R$18)) -> 150 | Q26: =IF($R$18="All Months", SUMIFS('Master Data'!$H$4:$H$302, 'Master Data'!$L$4:$L$302, N26), SUMIFS('Master Data'!$H$4:$H$302, 'Master Data'!$L$4:$L$302, N26, 'Master Data'!$B$4:$B$302, $R$18)) -> 4200 | R26: =IF($Q$28>0, Q26/$Q$28, 0) -> 0.0033862693
B27: Other Venues / Zones | C27: =IF($F$18="All Months", COUNT('Master Data'!$A$4:$A$302), COUNTIFS('Master Data'!$B$4:$B$302, $F$18)) - SUM(C20:C26) -> 7 | D27: =IF($F$18="All Months", SUMIFS('Master Data'!$F$4:$F$302, 'Master Data'!$A$4:$A$302, ">0"), SUMIFS('Master Data'!$F$4:$F$302, 'Master Data'!$B$4:$B$302, $F$18)) - SUM(D20:D26) -> 2267 | E27: =IF($F$18="All Months", SUMIFS('Master Data'!$H$4:$H$302, 'Master Data'!$A$4:$A$302, ">0"), SUMIFS('Master Data'!$H$4:$H$302, 'Master Data'!$B$4:$B$302, $F$18)) - SUM(E20:E26) -> 563670 | F27: =IF($E$28>0, E27/$E$28, 0) -> 0.45446153 | H27: Other Requestors | I27: =IF($L$18="All Months", COUNT('Master Data'!$A$4:$A$302), COUNTIFS('Master Data'!$B$4:$B$302, $L$18)) - SUM(I20:I26) -> 37 | J27: =IF($L$18="All Months", SUMIFS('Master Data'!$F$4:$F$302, 'Master Data'!$A$4:$A$302, ">0"), SUMIFS('Master Data'!$F$4:$F$302, 'Master Data'!$B$4:$B$302, $L$18)) - SUM(J20:J26) -> 2561 | K27: =IF($L$18="All Months", SUMIFS('Master Data'!$H$4:$H$302, 'Master Data'!$A$4:$A$302, ">0"), SUMIFS('Master Data'!$H$4:$H$302, 'Master Data'!$B$4:$B$302, $L$18)) - SUM(K20:K26) -> 263583 | L27: =IF($K$28>0, K27/$K$28, 0) -> 0.21251501 | N27: Other Categories | O27: =IF($R$18="All Months", COUNT('Master Data'!$A$4:$A$302), COUNTIFS('Master Data'!$B$4:$B$302, $R$18)) - SUM(O20:O26) -> 0 | P27: =IF($R$18="All Months", SUMIFS('Master Data'!$F$4:$F$302, 'Master Data'!$A$4:$A$302, ">0"), SUMIFS('Master Data'!$F$4:$F$302, 'Master Data'!$B$4:$B$302, $R$18)) - SUM(P20:P26) -> 0 | Q27: =IF($R$18="All Months", SUMIFS('Master Data'!$H$4:$H$302, 'Master Data'!$A$4:$A$302, ">0"), SUMIFS('Master Data'!$H$4:$H$302, 'Master Data'!$B$4:$B$302, $R$18)) - SUM(Q20:Q26) -> 0 | R27: =IF($Q$28>0, Q27/$Q$28, 0) -> 0
B28: Total Venue Footprint | C28: =SUM(C20:C27) -> 61 | D28: =SUM(D20:D27) -> 8931 | E28: =SUM(E20:E27) -> 1240303 | F28: =SUM(F20:F27) -> 1 | H28: Total Requestors | I28: =SUM(I20:I27) -> 61 | J28: =SUM(J20:J27) -> 8931 | K28: =SUM(K20:K27) -> 1240303 | L28: =SUM(L20:L27) -> 1 | N28: Total Categories | O28: =SUM(O20:O27) -> 61 | P28: =SUM(P20:P27) -> 8931 | Q28: =SUM(Q20:Q27) -> 1240303 | R28: =SUM(R20:R27) -> 1

Sheet Master Data
A2: EVENT TRACKER - MASTER DATA | K2: =HYPERLINK("#Dashboard!A1", "📊 Go to Dashboard ➔") -> 📊 Go to Dashboard ➔
A3: S.No | B3: Month | C3: Date | D3: Requestor | E3: Venue | F3: Pax | G3: Rate (₹) | H3: Event Amount (₹) | I3: Cost / Pax (₹) | J3: Vendor | K3: Payment Method | L3: Category | M3: Remarks / Description | N3: Status
A4: 1 | B4: May | C4: 05-May | D4: Simran Vijay | E4: DT4 | Level 4 | F4: 60 | G4: 120 | H4: 7200 | I4: =IF(F4>0, ROUND(H4/F4, 2), G4) -> 120 | J4: PIHU | K4: CARD | L4: Meetings & Refreshments | M4: Boxes Catering | N4: Completed
A5: 2 | B5: May | C5: 05-May | D5: Saurabh Dutta | E5: DT4 | Level 5 | F5: 300 | G5: 207.2 | H5: 62160 | I5: =IF(F5>0, ROUND(H5/F5, 2), G5) -> 207.2 | J5: PIHU | K5: CARD | L5: Meetings & Refreshments | M5: Boxes Catering | N5: Completed
A6: 3 | B6: May | C6: 13-May | D6: Poonam Gupta | E6: DT4 | L5 (Hackable Space) | F6: 450 | G6: 50 | H6: 22500 | I6: =IF(F6>0, ROUND(H6/F6, 2), G6) -> 50 | J6: PIHU | K6: CARD | L6: Meetings & Refreshments | M6: Hackable Space Event Refreshments | N6: Completed
A7: 4 | B7: May | C7: 19-May | D7: Rupika | E7: DT4 | L5 (Hackable Space) | F7: 45 | G7: 35 | H7: 1575 | I7: =IF(F7>0, ROUND(H7/F7, 2), G7) -> 35 | J7: PIHU | K7: CARD | L7: Meetings & Refreshments | M7: Hackable Space Meeting (25*45 + 45*10) | N7: Completed
A8: 5 | B8: May | C8: 20-May | D8: Blood Donation Drive | E8: DT4 | L5 (Hackable Space) | F8: 150 | G8: 28 | H8: 4200 | I8: =IF(F8>0, ROUND(H8/F8, 2), G8) -> 28 | J8: PIHU | K8: CARD | L8: CSR & Health Drive | M8: Blood Donation Drive Refreshments (150*8 + 150*20) | N8: Completed
A9: 6 | B9: May | C9: 20-May | D9: Khusboo Kaur | E9: DT4 | Level 1 | F9: 200 | G9: 20 | H9: 4000 | I9: =IF(F9>0, ROUND(H9/F9, 2), G9) -> 20 | J9: PIHU | K9: CARD | L9: Meetings & Refreshments | M9: Only Tea Service | N9: Completed
A10: 7 | B10: May | C10: 21-May | D10: Neeraj Panday | E10: DT4 | Level 1 | F10: 35 | G10: 84.86 | H10: 2970 | I10: =IF(F10>0, ROUND(H10/F10, 2), G10) -> 84.86 | J10: PIHU | K10: CARD | L10: Leadership & Strategy | M10: Leadership Connect | N10: Completed
A11: 8 | B11: May | C11: 22-May | D11: Prerena | E11: DT4 | L5 & DT3 | F11: 2100 | G11: 250 | H11: 525000 | I11: =IF(F11>0, ROUND(H11/F11, 2), G11) -> 250 | J11: COMPASS | K11: PO | L11: Townhall & All-Hands | M11: Major All-Hands: 1500 at DT4 and 600 at DT3 | N11: Completed
A12: 9 | B12: May | C12: 25-May | D12: Kirti | E12: DT4 | Level 1 | F12: 100 | G12: 20 | H12: 2000 | I12: =IF(F12>0, ROUND(H12/F12, 2), G12) -> 20 | J12: COMPASS | K12: DIRECT | L12: Meetings & Refreshments | M12: Potluck, Only Tea | N12: Completed
A13: 10 | B13: May | C13: 28-May | D13: Shivani | E13: DT4 | Level 1 | F13: 60 | G13: 200 | H13: 12000 | I13: =IF(F13>0, ROUND(H13/F13, 2), G13) -> 200 | J13: COMPASS | K13: PO | L13: Leadership & Strategy | M13: XLT Meeting | N13: Completed
A14: 11 | B14: June | C14: 05-Jun | D14: Poonam | E14: DT4 | Level 5 | F14: 11 | G14: 80 | H14: 880 | I14: =IF(F14>0, ROUND(H14/F14, 2), G14) -> 80 | J14: PIHU | K14: CARD | L14: Meetings & Refreshments | M14: Team Meeting Refreshments (11*20 + 11*60) | N14: Completed
A15: 12 | B15: June | C15: 05-Jun | D15: Shivani | E15: DT4 | Level 1 | F15: 24 | G15: 100 | H15: 2400 | I15: =IF(F15>0, ROUND(H15/F15, 2), G15) -> 100 | J15: PIHU | K15: CARD | L15: Induction & Training | M15: Master Class Session (24*20 + 24*60 + 24*20) | N15: Completed
... A64: 61 | B64: August | C64: 24-Aug | D64: Deshraj | E64: DT4 | L1 (Innovation Hub) | F64: 85 | G64: 100 | H64: 8500 | I64: =IF(F64>0, ROUND(H64/F64, 2), G64) -> 100 | J64: COMPASS | K64: CARD | L64: Induction & Training | M64: New Joiners Induction | N64: Completed
A69: TOTAL | B69: =COUNT(A4:A68) & " Events" -> 61 Events | F69: =SUM(F4:F68) -> 8931 | G69: =AVERAGE(G4:G68) -> 165.75721 | H69: =SUM(H4:H68) -> 1240303 | I69: =IF(F69>0, H69/F69, 0) -> 138.87616
