Workbook

Sheet Dashboard
A1: CBRE | CONTRACTUAL STAFF MANAGEMENT DASHBOARD
A2: =" Real-Time Workforce Analytics • Automated Duplicate Tracking • Live As Of: " & TEXT(TODAY(), "DD-MMM-YYYY") -> 0
B4: TOTAL HEADCOUNT | D4: ACTIVE STAFF | F4: IN-ACTIVE STAFF | H4: PERMANENT | J4: RELIEVER | L4: BGV COMPLIANT
B5: =C20 -> 0 | D5: =D20 -> 0 | F5: =E20 -> 0 | H5: =F20 -> 0 | J5: =G20 -> 0 | L5: =J20 -> 0
B9: 🏢 AGENCY-WISE STAFF BREAKDOWN (AUTOMATED SUMMARY TABLE)
B10: Click any Agency Navigation Switch below to filter & view staff details:
B13: Agency Name | C13: Total Staff | D13: Active | E13: In-Active | F13: Permanent | G13: Reliever | H13: DT3 Loc | I13: DT4 Loc | J13: BGV Done | K13: ID Issued | L13: Active %
B14: CBRE | C14: =COUNTIF('Contractual Staff Details'!$C$3:$C$5000, "CBRE") -> 0 | D14: =COUNTIFS('Contractual Staff Details'!$C$3:$C$5000, "CBRE", 'Contractual Staff Details'!$S$3:$S$5000, "Active") -> 0 | E14: =COUNTIFS('Contractual Staff Details'!$C$3:$C$5000, "CBRE", 'Contractual Staff Details'!$S$3:$S$5000, "In-Active") + COUNTIFS('Contractual Staff Details'!$C$3:$C$5000, "CBRE", 'Contractual Staff Details'!$S$3:$S$5000, "Inactive") -> 0 | F14: =COUNTIFS('Contractual Staff Details'!$C$3:$C$5000, "CBRE", 'Contractual Staff Details'!$X$3:$X$5000, "Permanent*") -> 0 | G14: =COUNTIFS('Contractual Staff Details'!$C$3:$C$5000, "CBRE", 'Contractual Staff Details'!$X$3:$X$5000, "Relie*") + COUNTIFS('Contractual Staff Details'!$C$3:$C$5000, "CBRE", 'Contractual Staff Details'!$X$3:$X$5000, "Reliv*") -> 0 | H14: =COUNTIFS('Contractual Staff Details'!$C$3:$C$5000, "CBRE", 'Contractual Staff Details'!$J$3:$J$5000, "*DT*3*") -> 0 | I14: =COUNTIFS('Contractual Staff Details'!$C$3:$C$5000, "CBRE", 'Contractual Staff Details'!$J$3:$J$5000, "*DT*4*") -> 0 | J14: =COUNTIFS('Contractual Staff Details'!$C$3:$C$5000, "CBRE", 'Contractual Staff Details'!$T$3:$T$5000, "Yes*") + COUNTIFS('Contractual Staff Details'!$C$3:$C$5000, "CBRE", 'Contractual Staff Details'!$T$3:$T$5000, "Shared*") -> 0 | K14: =COUNTIFS('Contractual Staff Details'!$C$3:$C$5000, "CBRE", 'Contractual Staff Details'!$U$3:$U$5000, "Yes*") + COUNTIFS('Contractual Staff Details'!$C$3:$C$5000, "CBRE", 'Contractual Staff Details'!$U$3:$U$5000, "Available*") -> 0 | L14: =IF(C14>0, D14/C14, 0) -> 0
B15: EHK | C15: =COUNTIF('Contractual Staff Details'!$C$3:$C$5000, "EHK") + COUNTIF('Contractual Staff Details'!$C$3:$C$5000, "*Express*") -> 0 | D15: =COUNTIFS('Contractual Staff Details'!$C$3:$C$5000, "EHK", 'Contractual Staff Details'!$S$3:$S$5000, "Active") + COUNTIFS('Contractual Staff Details'!$C$3:$C$5000, "*Express*", 'Contractual Staff Details'!$S$3:$S$5000, "Active") -> 0 | E15: =COUNTIFS('Contractual Staff Details'!$C$3:$C$5000, "EHK", 'Contractual Staff Details'!$S$3:$S$5000, "In-Active") + COUNTIFS('Contractual Staff Details'!$C$3:$C$5000, "EHK", 'Contractual Staff Details'!$S$3:$S$5000, "Inactive") + COUNTIFS('Contractual Staff Details'!$C$3:$C$5000, "*Express*", 'Contractual Staff Details'!$S$3:$S$5000, "In-Active") + COUNTIFS('Contractual Staff Details'!$C$3:$C$5000, "*Express*", 'Contractual Staff Details'!$S$3:$S$5000, "Inactive") -> 0 | F15: =COUNTIFS('Contractual Staff Details'!$C$3:$C$5000, "EHK", 'Contractual Staff Details'!$X$3:$X$5000, "Permanent*") + COUNTIFS('Contractual Staff Details'!$C$3:$C$5000, "*Express*", 'Contractual Staff Details'!$X$3:$X$5000, "Permanent*") -> 0 | G15: =COUNTIFS('Contractual Staff Details'!$C$3:$C$5000, "EHK", 'Contractual Staff Details'!$X$3:$X$5000, "Relie*") + COUNTIFS('Contractual Staff Details'!$C$3:$C$5000, "EHK", 'Contractual Staff Details'!$X$3:$X$5000, "Reliv*") + COUNTIFS('Contractual Staff Details'!$C$3:$C$5000, "*Express*", 'Contractual Staff Details'!$X$3:$X$5000, "Relie*") + COUNTIFS('Contractual Staff Details'!$C$3:$C$5000, "*Express*", 'Contractual Staff Details'!$X$3:$X$5000, "Reliv*") -> 0 | H15: =COUNTIFS('Contractual Staff Details'!$C$3:$C$5000, "EHK", 'Contractual Staff Details'!$J$3:$J$5000, "*DT*3*") + COUNTIFS('Contractual Staff Details'!$C$3:$C$5000, "*Express*", 'Contractual Staff Details'!$J$3:$J$5000, "*DT*3*") -> 0 | I15: =COUNTIFS('Contractual Staff Details'!$C$3:$C$5000, "EHK", 'Contractual Staff Details'!$J$3:$J$5000, "*DT*4*") + COUNTIFS('Contractual Staff Details'!$C$3:$C$5000, "*Express*", 'Contractual Staff Details'!$J$3:$J$5000, "*DT*4*") -> 0 | J15: =COUNTIFS('Contractual Staff Details'!$C$3:$C$5000, "EHK", 'Contractual Staff Details'!$T$3:$T$5000, "Yes*") + COUNTIFS('Contractual Staff Details'!$C$3:$C$5000, "EHK", 'Contractual Staff Details'!$T$3:$T$5000, "Shared*") + COUNTIFS('Contractual Staff Details'!$C$3:$C$5000, "*Express*", 'Contractual Staff Details'!$T$3:$T$5000, "Yes*") + COUNTIFS('Contractual Staff Details'!$C$3:$C$5000, "*Express*", 'Contractual Staff Details'!$T$3:$T$5000, "Shared*") -> 0 | K15: =COUNTIFS('Contractual Staff Details'!$C$3:$C$5000, "EHK", 'Contractual Staff Details'!$U$3:$U$5000, "Yes*") + COUNTIFS('Contractual Staff Details'!$C$3:$C$5000, "EHK", 'Contractual Staff Details'!$U$3:$U$5000, "Available*") + COUNTIFS('Contractual Staff Details'!$C$3:$C$5000, "*Express*", 'Contractual Staff Details'!$U$3:$U$5000, "Yes*") + COUNTIFS('Contractual Staff Details'!$C$3:$C$5000, "*Express*", 'Contractual Staff Details'!$U$3:$U$5000, "Available*") -> 0 | L15: =IF(C15>0, D15/C15, 0) -> 0
B16: SKFM | C16: =COUNTIF('Contractual Staff Details'!$C$3:$C$5000, "SKFM") + COUNTIF('Contractual Staff Details'!$C$3:$C$5000, "*SK Facility*") -> 0 | D16: =COUNTIFS('Contractual Staff Details'!$C$3:$C$5000, "SKFM", 'Contractual Staff Details'!$S$3:$S$5000, "Active") + COUNTIFS('Contractual Staff Details'!$C$3:$C$5000, "*SK Facility*", 'Contractual Staff Details'!$S$3:$S$5000, "Active") -> 0 | E16: =COUNTIFS('Contractual Staff Details'!$C$3:$C$5000, "SKFM", 'Contractual Staff Details'!$S$3:$S$5000, "In-Active") + COUNTIFS('Contractual Staff Details'!$C$3:$C$5000, "SKFM", 'Contractual Staff Details'!$S$3:$S$5000, "Inactive") + COUNTIFS('Contractual Staff Details'!$C$3:$C$5000, "*SK Facility*", 'Contractual Staff Details'!$S$3:$S$5000, "In-Active") + COUNTIFS('Contractual Staff Details'!$C$3:$C$5000, "*SK Facility*", 'Contractual Staff Details'!$S$3:$S$5000, "Inactive") -> 0 | F16: =COUNTIFS('Contractual Staff Details'!$C$3:$C$5000, "SKFM", 'Contractual Staff Details'!$X$3:$X$5000, "Permanent*") + COUNTIFS('Contractual Staff Details'!$C$3:$C$5000, "*SK Facility*", 'Contractual Staff Details'!$X$3:$X$5000, "Permanent*") -> 0 | G16: =COUNTIFS('Contractual Staff Details'!$C$3:$C$5000, "SKFM", 'Contractual Staff Details'!$X$3:$X$5000, "Relie*") + COUNTIFS('Contractual Staff Details'!$C$3:$C$5000, "SKFM", 'Contractual Staff Details'!$X$3:$X$5000, "Reliv*") + COUNTIFS('Contractual Staff Details'!$C$3:$C$5000, "*SK Facility*", 'Contractual Staff Details'!$X$3:$X$5000, "Relie*") + COUNTIFS('Contractual Staff Details'!$C$3:$C$5000, "*SK Facility*", 'Contractual Staff Details'!$X$3:$X$5000, "Reliv*") -> 0 | H16: =COUNTIFS('Contractual Staff Details'!$C$3:$C$5000, "SKFM", 'Contractual Staff Details'!$J$3:$J$5000, "*DT*3*") + COUNTIFS('Contractual Staff Details'!$C$3:$C$5000, "*SK Facility*", 'Contractual Staff Details'!$J$3:$J$5000, "*DT*3*") -> 0 | I16: =COUNTIFS('Contractual Staff Details'!$C$3:$C$5000, "SKFM", 'Contractual Staff Details'!$J$3:$J$5000, "*DT*4*") + COUNTIFS('Contractual Staff Details'!$C$3:$C$5000, "*SK Facility*", 'Contractual Staff Details'!$J$3:$J$5000, "*DT*4*") -> 0 | J16: =COUNTIFS('Contractual Staff Details'!$C$3:$C$5000, "SKFM", 'Contractual Staff Details'!$T$3:$T$5000, "Yes*") + COUNTIFS('Contractual Staff Details'!$C$3:$C$5000, "SKFM", 'Contractual Staff Details'!$T$3:$T$5000, "Shared*") + COUNTIFS('Contractual Staff Details'!$C$3:$C$5000, "*SK Facility*", 'Contractual Staff Details'!$T$3:$T$5000, "Yes*") + COUNTIFS('Contractual Staff Details'!$C$3:$C$5000, "*SK Facility*", 'Contractual Staff Details'!$T$3:$T$5000, "Shared*") -> 0 | K16: =COUNTIFS('Contractual Staff Details'!$C$3:$C$5000, "SKFM", 'Contractual Staff Details'!$U$3:$U$5000, "Yes*") + COUNTIFS('Contractual Staff Details'!$C$3:$C$5000, "SKFM", 'Contractual Staff Details'!$U$3:$U$5000, "Available*") + COUNTIFS('Contractual Staff Details'!$C$3:$C$5000, "*SK Facility*", 'Contractual Staff Details'!$U$3:$U$5000, "Yes*") + COUNTIFS('Contractual Staff Details'!$C$3:$C$5000, "*SK Facility*", 'Contractual Staff Details'!$U$3:$U$5000, "Available*") -> 0 | L16: =IF(C16>0, D16/C16, 0) -> 0
B17: COMPASS | C17: =COUNTIF('Contractual Staff Details'!$C$3:$C$5000, "COMPASS") -> 0 | D17: =COUNTIFS('Contractual Staff Details'!$C$3:$C$5000, "COMPASS", 'Contractual Staff Details'!$S$3:$S$5000, "Active") -> 0 | E17: =COUNTIFS('Contractual Staff Details'!$C$3:$C$5000, "COMPASS", 'Contractual Staff Details'!$S$3:$S$5000, "In-Active") + COUNTIFS('Contractual Staff Details'!$C$3:$C$5000, "COMPASS", 'Contractual Staff Details'!$S$3:$S$5000, "Inactive") -> 0 | F17: =COUNTIFS('Contractual Staff Details'!$C$3:$C$5000, "COMPASS", 'Contractual Staff Details'!$X$3:$X$5000, "Permanent*") -> 0 | G17: =COUNTIFS('Contractual Staff Details'!$C$3:$C$5000, "COMPASS", 'Contractual Staff Details'!$X$3:$X$5000, "Relie*") + COUNTIFS('Contractual Staff Details'!$C$3:$C$5000, "COMPASS", 'Contractual Staff Details'!$X$3:$X$5000, "Reliv*") -> 0 | H17: =COUNTIFS('Contractual Staff Details'!$C$3:$C$5000, "COMPASS", 'Contractual Staff Details'!$J$3:$J$5000, "*DT*3*") -> 0 | I17: =COUNTIFS('Contractual Staff Details'!$C$3:$C$5000, "COMPASS", 'Contractual Staff Details'!$J$3:$J$5000, "*DT*4*") -> 0 | J17: =COUNTIFS('Contractual Staff Details'!$C$3:$C$5000, "COMPASS", 'Contractual Staff Details'!$T$3:$T$5000, "Yes*") + COUNTIFS('Contractual Staff Details'!$C$3:$C$5000, "COMPASS", 'Contractual Staff Details'!$T$3:$T$5000, "Shared*") -> 0 | K17: =COUNTIFS('Contractual Staff Details'!$C$3:$C$5000, "COMPASS", 'Contractual Staff Details'!$U$3:$U$5000, "Yes*") + COUNTIFS('Contractual Staff Details'!$C$3:$C$5000, "COMPASS", 'Contractual Staff Details'!$U$3:$U$5000, "Available*") -> 0 | L17: =IF(C17>0, D17/C17, 0) -> 0
B18: PIHU FOODS | C18: =COUNTIF('Contractual Staff Details'!$C$3:$C$5000, "PIHU FOODS") -> 0 | D18: =COUNTIFS('Contractual Staff Details'!$C$3:$C$5000, "PIHU FOODS", 'Contractual Staff Details'!$S$3:$S$5000, "Active") -> 0 | E18: =COUNTIFS('Contractual Staff Details'!$C$3:$C$5000, "PIHU FOODS", 'Contractual Staff Details'!$S$3:$S$5000, "In-Active") + COUNTIFS('Contractual Staff Details'!$C$3:$C$5000, "PIHU FOODS", 'Contractual Staff Details'!$S$3:$S$5000, "Inactive") -> 0 | F18: =COUNTIFS('Contractual Staff Details'!$C$3:$C$5000, "PIHU FOODS", 'Contractual Staff Details'!$X$3:$X$5000, "Permanent*") -> 0 | G18: =COUNTIFS('Contractual Staff Details'!$C$3:$C$5000, "PIHU FOODS", 'Contractual Staff Details'!$X$3:$X$5000, "Relie*") + COUNTIFS('Contractual Staff Details'!$C$3:$C$5000, "PIHU FOODS", 'Contractual Staff Details'!$X$3:$X$5000, "Reliv*") -> 0 | H18: =COUNTIFS('Contractual Staff Details'!$C$3:$C$5000, "PIHU FOODS", 'Contractual Staff Details'!$J$3:$J$5000, "*DT*3*") -> 0 | I18: =COUNTIFS('Contractual Staff Details'!$C$3:$C$5000, "PIHU FOODS", 'Contractual Staff Details'!$J$3:$J$5000, "*DT*4*") -> 0 | J18: =COUNTIFS('Contractual Staff Details'!$C$3:$C$5000, "PIHU FOODS", 'Contractual Staff Details'!$T$3:$T$5000, "Yes*") + COUNTIFS('Contractual Staff Details'!$C$3:$C$5000, "PIHU FOODS", 'Contractual Staff Details'!$T$3:$T$5000, "Shared*") -> 0 | K18: =COUNTIFS('Contractual Staff Details'!$C$3:$C$5000, "PIHU FOODS", 'Contractual Staff Details'!$U$3:$U$5000, "Yes*") + COUNTIFS('Contractual Staff Details'!$C$3:$C$5000, "PIHU FOODS", 'Contractual Staff Details'!$U$3:$U$5000, "Available*") -> 0 | L18: =IF(C18>0, D18/C18, 0) -> 0
B19: I-con | C19: =COUNTIF('Contractual Staff Details'!$C$3:$C$5000, "I-con") -> 0 | D19: =COUNTIFS('Contractual Staff Details'!$C$3:$C$5000, "I-con", 'Contractual Staff Details'!$S$3:$S$5000, "Active") -> 0 | E19: =COUNTIFS('Contractual Staff Details'!$C$3:$C$5000, "I-con", 'Contractual Staff Details'!$S$3:$S$5000, "In-Active") + COUNTIFS('Contractual Staff Details'!$C$3:$C$5000, "I-con", 'Contractual Staff Details'!$S$3:$S$5000, "Inactive") -> 0 | F19: =COUNTIFS('Contractual Staff Details'!$C$3:$C$5000, "I-con", 'Contractual Staff Details'!$X$3:$X$5000, "Permanent*") -> 0 | G19: =COUNTIFS('Contractual Staff Details'!$C$3:$C$5000, "I-con", 'Contractual Staff Details'!$X$3:$X$5000, "Relie*") + COUNTIFS('Contractual Staff Details'!$C$3:$C$5000, "I-con", 'Contractual Staff Details'!$X$3:$X$5000, "Reliv*") -> 0 | H19: =COUNTIFS('Contractual Staff Details'!$C$3:$C$5000, "I-con", 'Contractual Staff Details'!$J$3:$J$5000, "*DT*3*") -> 0 | I19: =COUNTIFS('Contractual Staff Details'!$C$3:$C$5000, "I-con", 'Contractual Staff Details'!$J$3:$J$5000, "*DT*4*") -> 0 | J19: =COUNTIFS('Contractual Staff Details'!$C$3:$C$5000, "I-con", 'Contractual Staff Details'!$T$3:$T$5000, "Yes*") + COUNTIFS('Contractual Staff Details'!$C$3:$C$5000, "I-con", 'Contractual Staff Details'!$T$3:$T$5000, "Shared*") -> 0 | K19: =COUNTIFS('Contractual Staff Details'!$C$3:$C$5000, "I-con", 'Contractual Staff Details'!$U$3:$U$5000, "Yes*") + COUNTIFS('Contractual Staff Details'!$C$3:$C$5000, "I-con", 'Contractual Staff Details'!$U$3:$U$5000, "Available*") -> 0 | L19: =IF(C19>0, D19/C19, 0) -> 0
B20: TOTAL / ALL AGENCIES | C20: =SUM(C14:C19) -> 0 | D20: =SUM(D14:D19) -> 0 | E20: =SUM(E14:E19) -> 0 | F20: =SUM(F14:F19) -> 0 | G20: =SUM(G14:G19) -> 0 | H20: =SUM(H14:H19) -> 0 | I20: =SUM(I14:I19) -> 0 | J20: =SUM(J14:J19) -> 0 | K20: =SUM(K14:K19) -> 0 | L20: =IF(C20>0, D20/C20, 0) -> 0
B22: 📍 LOCATION-WISE DISTRIBUTION | H22: 🛡️ COMPLIANCE & VERIFICATION STATUS
B23: Location | C23: Headcount | D23: Active | E23: In-Active | F23: Share % | H23: Compliance Item | I23: Target | J23: Completed | K23: Pending | L23: Compliance %
B24: NAB DT 3 | C24: =COUNTIFS('Contractual Staff Details'!$J$3:$J$5000, "*DT*3*", 'Contractual Staff Details'!$J$3:$J$5000, "<>*DT4*") -> 0 | D24: =COUNTIFS('Contractual Staff Details'!$J$3:$J$5000, "*DT*3*", 'Contractual Staff Details'!$J$3:$J$5000, "<>*DT4*", 'Contractual Staff Details'!$S$3:$S$5000, "Active") -> 0 | E24: =COUNTIFS('Contractual Staff Details'!$J$3:$J$5000, "*DT*3*", 'Contractual Staff Details'!$J$3:$J$5000, "<>*DT4*", 'Contractual Staff Details'!$S$3:$S$5000, "In-Active") + COUNTIFS('Contractual Staff Details'!$J$3:$J$5000, "*DT*3*", 'Contractual Staff Details'!$J$3:$J$5000, "<>*DT4*", 'Contractual Staff Details'!$S$3:$S$5000, "Inactive") -> 0 | F24: =IF($C$20>0, C24/$C$20, 0) -> 0 | H24: BGV Verification | I24: =$C$20 -> 0 | J24: =J20 -> 0 | K24: =I24-J24 -> 0 | L24: =IF(I24>0, J24/I24, 0) -> 0
B25: NAB DT 4 | C25: =COUNTIFS('Contractual Staff Details'!$J$3:$J$5000, "*DT*4*", 'Contractual Staff Details'!$J$3:$J$5000, "<>*DT3*") -> 0 | D25: =COUNTIFS('Contractual Staff Details'!$J$3:$J$5000, "*DT*4*", 'Contractual Staff Details'!$J$3:$J$5000, "<>*DT3*", 'Contractual Staff Details'!$S$3:$S$5000, "Active") -> 0 | E25: =COUNTIFS('Contractual Staff Details'!$J$3:$J$5000, "*DT*4*", 'Contractual Staff Details'!$J$3:$J$5000, "<>*DT3*", 'Contractual Staff Details'!$S$3:$S$5000, "In-Active") + COUNTIFS('Contractual Staff Details'!$J$3:$J$5000, "*DT*4*", 'Contractual Staff Details'!$J$3:$J$5000, "<>*DT3*", 'Contractual Staff Details'!$S$3:$S$5000, "Inactive") -> 0 | F25: =IF($C$20>0, C25/$C$20, 0) -> 0 | H25: Vendor ID Card | I25: =$C$20 -> 0 | J25: =K20 -> 0 | K25: =I25-J25 -> 0 | L25: =IF(I25>0, J25/I25, 0) -> 0
B26: DT4/DT3 & Dual | C26: =COUNTIFS('Contractual Staff Details'!$J$3:$J$5000, "*DT*4*", 'Contractual Staff Details'!$J$3:$J$5000, "*DT*3*") -> 0 | D26: =COUNTIFS('Contractual Staff Details'!$J$3:$J$5000, "*DT*4*", 'Contractual Staff Details'!$J$3:$J$5000, "*DT*3*", 'Contractual Staff Details'!$S$3:$S$5000, "Active") -> 0 | E26: =COUNTIFS('Contractual Staff Details'!$J$3:$J$5000, "*DT*4*", 'Contractual Staff Details'!$J$3:$J$5000, "*DT*3*", 'Contractual Staff Details'!$S$3:$S$5000, "In-Active") + COUNTIFS('Contractual Staff Details'!$J$3:$J$5000, "*DT*4*", 'Contractual Staff Details'!$J$3:$J$5000, "*DT*3*", 'Contractual Staff Details'!$S$3:$S$5000, "Inactive") -> 0 | F26: =IF($C$20>0, C26/$C$20, 0) -> 0 | H26: PF / UAN Available | I26: =$C$20 -> 0 | J26: =COUNTIFS('Contractual Staff Details'!$V$3:$V$5000, "<>", 'Contractual Staff Details'!$V$3:$V$5000, "<>NA", 'Contractual Staff Details'!$V$3:$V$5000, "<>N/A", 'Contractual Staff Details'!$V$3:$V$5000, "<>-") -> 0 | K26: =I26-J26 -> 0 | L26: =IF(I26>0, J26/I26, 0) -> 0
B27: Other / Unassigned | C27: =C20 - SUM(C24:C26) -> 0 | D27: =D20 - SUM(D24:D26) -> 0 | E27: =E20 - SUM(E24:E26) -> 0 | F27: =IF($C$20>0, C27/$C$20, 0) -> 0 | H27: ESIC No Available | I27: =$C$20 -> 0 | J27: =COUNTIFS('Contractual Staff Details'!$W$3:$W$5000, "<>", 'Contractual Staff Details'!$W$3:$W$5000, "<>NA", 'Contractual Staff Details'!$W$3:$W$5000, "<>N/A", 'Contractual Staff Details'!$W$3:$W$5000, "<>-") -> 0 | K27: =I27-J27 -> 0 | L27: =IF(I27>0, J27/I27, 0) -> 0
B28: Total | C28: =SUM(C24:C27) -> 0 | D28: =SUM(D24:D27) -> 0 | E28: =SUM(E24:E27) -> 0 | F28: =IF(C28>0, SUM(F24:F27), 0) -> 0

Sheet Contractual Staff Details
A1: =COUNTIF(D3:D5000, "<>") -> 0
A2: S. No. | B2: IPC Partner Name | C2: Agency Name | D2: Emp ID | E2: Name | F2: Father Name | G2: Contact Number | H2: Address | I2: Gender | J2: NAB Location | K2: DOJ | L2: Aging As Of Today | M2: Designation | N2: NAB ID | O2: NAB Line Manager | P2: NAB Manager Email ID | Q2: LM ID | R2: Line Manager Name | S2: Status | T2: BGV Status | U2: Vendor ID Card | V2: PF -UAN No | W2: ESIC No | X2: Permanent / Reliever | Y2: DOE
A3: 1 | B3: CBRE | C3: CBRE | D3: 2070412 | E3: Shishir Tiwari | F3: Mr. KS Tiwari | G3: 9871768697 | H3: 849b, I Block, Palam Vihar, Gurgaon | I3: Male | J3: DT4 | K3: 04-Oct-2025 | L3: =IF(K3="","",IFERROR(ROUND((TODAY()-IF(ISNUMBER(K3),K3,DATEVALUE(K3)))/365.25, 1),"")) -> 0 | M3: AGM | N3: 40027440 | O3: Hitesh Kumar | P3: Hitesh.Kumar2@nab.com.au | Q3: N/A | R3: Shishir | S3: Active | T3: shared | U3: Yes | V3: 100351167375 | W3: N/A | X3: Permanent
A4: 2 | B4: CBRE | C4: CBRE | D4: 1756544 | E4: Naveen Rai | F4: Late Balmiki Rai | G4: 8010743686 | H4: We-95, Second Floor, Mohan Gardan, Uttam Nagar, New Delhi | I4: Male | J4: DT3 | K4: 01-Oct-2025 | L4: =IF(K4="","",IFERROR(ROUND((TODAY()-IF(ISNUMBER(K4),K4,DATEVALUE(K4)))/365.25, 1),"")) -> 0 | M4: AFM-Soft | N4: 40027449 | O4: Hitesh Kumar | P4: Hitesh.Kumar2@nab.com.au | Q4: N/A | R4: Shishir | S4: Active | T4: shared | U4: Yes | V4: 100262850880 | W4: N/A | X4: Permanent
A5: 3 | B5: CBRE | C5: CBRE | D5: 2059197 | E5: Aditya Kumar | F5: Mr.Shiv Shankar Prasad | G5: 7503345712 | H5: A-8 Gali Number 01, Siddhantri Enclave Bhagwati Garden Uttam Nagar New Delhi-110059 | I5: Male | J5: DT4 | K5: 02-Sep-2025 | L5: =IF(K5="","",IFERROR(ROUND((TODAY()-IF(ISNUMBER(K5),K5,DATEVALUE(K5)))/365.25, 1),"")) -> 0 | M5: AFM-Soft | N5: 40027441 | O5: Hitesh Kumar | P5: Hitesh.Kumar2@nab.com.au | Q5: N/A | R5: Shishir | S5: Active | T5: shared | U5: Yes | V5: 101136770356 | W5: N/A | X5: Permanent
A6: 4 | B6: CBRE | C6: CBRE | D6: 2064661 | E6: Sunil Yadav | F6: Mr. Attar Singh Yadav | G6: 9873609474 | H6: H.No. 83, Village -Silokhra, Yadav Street, Gurgaon Haryana-122001 | I6: Male | J6: DT3 | K6: 01-Oct-2025 | L6: =IF(K6="","",IFERROR(ROUND((TODAY()-IF(ISNUMBER(K6),K6,DATEVALUE(K6)))/365.25, 1),"")) -> 0 | M6: Sr. Executive | N6: N/A | O6: Latika Chauhan | P6: Latika.Chauhan1@nab.com.au | Q6: N/A | R6: Shishir | S6: In-Active | T6: Shared | U6: Yes | V6: 100371400244 | W6: N/A | X6: Permanent
A7: 5 | B7: CBRE | C7: CBRE | D7: 1944108 | E7: Arjun Grewal | F7: Mr Sundeep Grewal | G7: 7982567412 | H7: H.No 5 Shivani Enclave Phase 3 Kakrola New Delhi-110078 | I7: Male | J7: DT3 | K7: 01-Oct-2025 | L7: =IF(K7="","",IFERROR(ROUND((TODAY()-IF(ISNUMBER(K7),K7,DATEVALUE(K7)))/365.25, 1),"")) -> 0 | M7: Executive | N7: N/A | O7: Latika Chauhan | P7: Latika.Chauhan1@nab.com.au | Q7: N/A | R7: Shishir | S7: In-Active | T7: Under Process | U7: Yes | V7: 101789388453 | W7: N/A | X7: Permanent
A8: 6 | B8: CBRE | C8: CBRE | D8: 1645923 | E8: Diksha Chhabra | F8: Mr.Ashok Kumar Malik | G8: 9999693534 | H8: Flat No. 903 Tower C9 The Pranayam Sector 82 Neharpar Faridabad | I8: Female | J8: DT4 | K8: 08-Aug-2025 | L8: =IF(K8="","",IFERROR(ROUND((TODAY()-IF(ISNUMBER(K8),K8,DATEVALUE(K8)))/365.25, 1),"")) -> 0 | M8: Executive | N8: 40027418 | O8: Hitesh Kumar | P8: Hitesh.Kumar2@nab.com.au | Q8: N/A | R8: Shishir | S8: Active | T8: shared | U8: Yes | V8: 100540211551 | W8: N/A | X8: Permanent
A9: 7 | B9: CBRE | C9: CBRE | D9: 1882295 | E9: Shashank Tripathi | F9: Narendra Mani Tripathi | G9: 9999153888 | H9: H No. 54, Swaroop Garden, Rajendra Park, Gurugram Haryana. | I9: Male | J9: DT4 | K9: 08-Aug-2025 | L9: =IF(K9="","",IFERROR(ROUND((TODAY()-IF(ISNUMBER(K9),K9,DATEVALUE(K9)))/365.25, 1),"")) -> 0 | M9: Executive | N9: N/A | O9: Hitesh Kumar | P9: Hitesh.Kumar2@nab.com.au | Q9: N/A | R9: Shishir | S9: In-Active | T9: shared | U9: Yes | V9: 100472064203 | W9: N/A | X9: Permanent
A10: 8 | B10: CBRE | C10: CBRE | D10: 1940878 | E10: Santosh | F10: Ramjee Mishra | G10: 8595293708 | H10: H.No 23, Gali No 4, Sheetla Colony Ashok Vihar Phase 3 Near Global Hospital Sector-5, Gurgaon Haryana-122001 | I10: Male | J10: DT4 | K10: 30-Oct-2025 | L10: =IF(K10="","",IFERROR(ROUND((TODAY()-IF(ISNUMBER(K10),K10,DATEVALUE(K10)))/365.25, 1),"")) -> 0 | M10: Executive | N10: N/A | O10: Hitesh Kumar | P10: Hitesh.Kumar2@nab.com.au | Q10: N/A | R10: Shishir | S10: In-Active | T10: shared | U10: Yes | V10: 100952459430 | W10: N/A | X10: Permanent
A11: 9 | B11: CBRE | C11: CBRE | D11: 1933589 | E11: Ayush | F11: Pawan Kumar | G11: 7018492048 | H11: Vill Garoru, Tehsil Joginder Nagar, Distt Mandi Himachal-175015 | I11: Male | J11: DT4 | K11: 20-Nov-2025 | L11: =IF(K11="","",IFERROR(ROUND((TODAY()-IF(ISNUMBER(K11),K11,DATEVALUE(K11)))/365.25, 1),"")) -> 0 | M11: Executive | N11: 40027448 | O11: Hitesh Kumar | P11: Hitesh.Kumar2@nab.com.au | Q11: N/A | R11: Shishir | S11: Active | T11: shared | U11: Yes | V11: 101896315616 | W11: N/A | X11: Permanent
A12: 10 | B12: CBRE | C12: CBRE | D12: 2064660 | E12: Satyabrata Mohanty | F12: Ramesh Chandra Mohanty | G12: 7008952166 | H12: Sec 21, Sonarwali Gali, Dundahera, Gurgaon | I12: Male | J12: DT3 | K12: 01-Oct-2025 | L12: =IF(K12="","",IFERROR(ROUND((TODAY()-IF(ISNUMBER(K12),K12,DATEVALUE(K12)))/365.25, 1),"")) -> 0 | M12: Sr. Executive | N12: 40027445 | O12: Latika Chauhan | P12: Latika.Chauhan1@nab.com.au | Q12: N/A | R12: Shishir | S12: Active | T12: Shared | U12: Yes | V12: 101199207916 | W12: N/A | X12: Permanent
A13: 11 | B13: CBRE | C13: CBRE | D13: 1894401 | E13: Raman | F13: Mr.Ram Mehar | G13: 9992299747 | H13: Pyramid Elite, Sector 86, Gurgaon | I13: Male | J13: DT4 | K13: 08-Aug-2025 | L13: =IF(K13="","",IFERROR(ROUND((TODAY()-IF(ISNUMBER(K13),K13,DATEVALUE(K13)))/365.25, 1),"")) -> 0 | M13: Executive | N13: 40027438 | O13: Hitesh Kumar | P13: Hitesh.Kumar2@nab.com.au | Q13: N/A | R13: Shishir | S13: Active | T13: shared | U13: Yes | V13: 100458160803 | W13: N/A | X13: Permanent
A14: 12 | B14: CBRE | C14: CBRE | D14: 2056224 | E14: Sunil Kumar | F14: Mr. Ram Garib | G14: 8821860330 | H14: Village -Purkhipur Post- Kurebhar Dist-Sultanpur(Up) 228151 | I14: Male | J14: DT4 | K14: 08-Aug-2025 | L14: =IF(K14="","",IFERROR(ROUND((TODAY()-IF(ISNUMBER(K14),K14,DATEVALUE(K14)))/365.25, 1),"")) -> 0 | M14: Executive | N14: 40027419 | O14: Hitesh Kumar | P14: Hitesh.Kumar2@nab.com.au | Q14: N/A | R14: Shishir | S14: Active | T14: shared | U14: Yes | V14: 101181082596 | W14: N/A | X14: Permanent
... A96: 94 | B96: CBRE | C96: EHK | D96: 52837 | E96: Muktar Ali | F96: Basiruddin | G96: 9958736491 | H96: Village- Islampur Murshidabad West Bengal-742202 | I96: Male | J96: DT4 | K96: 08-Aug-2025 | L96: =IF(K96="","",IFERROR(ROUND((TODAY()-IF(ISNUMBER(K96),K96,DATEVALUE(K96)))/365.25, 1),"")) -> 0 | M96: Steward | N96: N/A | O96: Hitesh Kumar | P96: Hitesh.Kumar2@nab.com.au | Q96: N/A | R96: Naveen Rai | S96: Active | T96: Shared | U96: Yes | V96: 101263425783 | W96: 6936399255 | X96: Permanent
A97: 95 | B97: CBRE | C97: EHK | D97: 47697 | E97: Sunil Bayen | F97: Ananda Bayen | G97: 7003526921 | H97: Sanakpur Mayureswar -I Birbhum West Bengal-731245 | I97: Male | J97: DT4 | K97: 08-Aug-2025 | L97: =IF(K97="","",IFERROR(ROUND((TODAY()-IF(ISNUMBER(K97),K97,DATEVALUE(K97)))/365.25, 1),"")) -> 0 | M97: House Boy | N97: N/A | O97: Hitesh Kumar | P97: Hitesh.Kumar2@nab.com.au | Q97: N/A | R97: Naveen Rai | S97: In-Active | T97: Shared | U97: Yes | V97: 102169089743 | W97: 6935727175 | X97: Reliever | Y97: 01-Jul-2026
A98: 96 | B98: CBRE | C98: EHK | D98: 48838 | E98: Gobinda Bayen | F98: Sadai Bayen | G98: 9883223561 | H98: Mahishgram Murshidabad West Bengal -742168 | I98: Male | J98: DT4 | K98: 08-Aug-2025 | L98: =IF(K98="","",IFERROR(ROUND((TODAY()-IF(ISNUMBER(K98),K98,DATEVALUE(K98)))/365.25, 1),"")) -> 0 | M98: House Boy | N98: N/A | O98: Hitesh Kumar | P98: Hitesh.Kumar2@nab.com.au | Q98: N/A | R98: Naveen Rai | S98: In-Active | T98: Shared | U98: Yes | V98: 101263472322 | W98: 6927596790 | X98: Permanent
A99: 97 | B99: CBRE | C99: EHK | D99: 49215 | E99: Rabijit Das | F99: Bikash Das | G99: 6295101698 | H99: Pakhuria Birhum West Bengal-731245 | I99: Male | J99: DT4 | K99: 08-Aug-2025 | L99: =IF(K99="","",IFERROR(ROUND((TODAY()-IF(ISNUMBER(K99),K99,DATEVALUE(K99)))/365.25, 1),"")) -> 0 | M99: House Boy | N99: N/A | O99: Hitesh Kumar | P99: Hitesh.Kumar2@nab.com.au | Q99: N/A | R99: Naveen Rai | S99: In-Active | T99: Shared | U99: Yes | V99: 101815194725 | W99: 6931930916 | X99: Permanent
A100: 98 | B100: CBRE | C100: EHK | D100: 50205 | E100: Netai Das | F100: Ramkumar Das | G100: 8145500867 | H100: Punchthupi Bharwan Murshidabad West Bengal-742161 | I100: Male | J100: DT4 | K100: 08-Aug-2025 | L100: =IF(K100="","",IFERROR(ROUND((TODAY()-IF(ISNUMBER(K100),K100,DATEVALUE(K100)))/365.25, 1),"")) -> 0 | M100: House Boy | N100: N/A | O100: Hitesh Kumar | P100: Hitesh.Kumar2@nab.com.au | Q100: N/A | R100: Naveen Rai | S100: In-Active | T100: Shared | U100: Yes | V100: 101826772934 | W100: 6932044595 | X100: Permanent
A101: 99 | B101: CBRE | C101: EHK | D101: 52293 | E101: Biswajit Das | F101: Uttam Das | G101: 7047739644 | H101: Hno 127 ,Chakkar Pur ,Gurgoan, Haryana,,122001 | I101: Male | J101: DT4 | K101: 08-Aug-2025 | L101: =IF(K101="","",IFERROR(ROUND((TODAY()-IF(ISNUMBER(K101),K101,DATEVALUE(K101)))/365.25, 1),"")) -> 0 | M101: House Boy | N101: N/A | O101: Hitesh Kumar | P101: Hitesh.Kumar2@nab.com.au | Q101: N/A | R101: Naveen Rai | S101: Active | T101: Shared | U101: Yes | V101: 102226051472 | W101: 6936211162 | X101: Permanent
A102: 100 | B102: CBRE | C102: EHK | D102: 53849 | E102: Krishna Das | F102: Goutam Das | G102: 9510350772 | H102: Vill-Burwan, Po-Burwan,Murshidabad ,West Bengal,,742132 | I102: Male | J102: DT4 | K102: 08-Aug-2025 | L102: =IF(K102="","",IFERROR(ROUND((TODAY()-IF(ISNUMBER(K102),K102,DATEVALUE(K102)))/365.25, 1),"")) -> 0 | M102: House Boy | N102: N/A | O102: Hitesh Kumar | P102: Hitesh.Kumar2@nab.com.au | Q102: N/A | R102: Naveen Rai | S102: In-Active | T102: Shared | U102: Yes | V102: 102251232401 | W102: 6936506753 | X102: Permanent
A103: 101 | B103: CBRE | C103: EHK | D103: 48836 | E103: Bapun Das | F103: Babulal Das | G103: 9560490147 | H103: Barakulberiya Purba Hindu Musalman Kaliganj Po-Kaliganj Nadia West Bengal-741150 | I103: Male | J103: DT4 | K103: 08-Aug-2025 | L103: =IF(K103="","",IFERROR(ROUND((TODAY()-IF(ISNUMBER(K103),K103,DATEVALUE(K103)))/365.25, 1),"")) -> 0 | M103: House Boy | N103: N/A | O103: Hitesh Kumar | P103: Hitesh.Kumar2@nab.com.au | Q103: N/A | R103: Naveen Rai | S103: In-Active | T103: Shared | U103: Yes | V103: 101599214472 | W103: 6935789730 | X103: Permanent
A104: 102 | B104: CBRE | C104: EHK | D104: 48845 | E104: Shambhu Sant | F104: Nanigopal Sant | G104: 8597689751 | H104: Jarisaui Jarisai Paschim Medinipur Baita Bazar West Bengal-721420 | I104: Male | J104: DT4 | K104: 08-Aug-2025 | L104: =IF(K104="","",IFERROR(ROUND((TODAY()-IF(ISNUMBER(K104),K104,DATEVALUE(K104)))/365.25, 1),"")) -> 0 | M104: House Boy | N104: N/A | O104: Hitesh Kumar | P104: Hitesh.Kumar2@nab.com.au | Q104: N/A | R104: Naveen Rai | S104: In-Active | T104: Shared | U104: Yes | V104: 102143872775 | W104: 6724136666 | X104: Permanent
A105: 103 | B105: CBRE | C105: EHK | D105: 50117 | E105: Subhankar Bayen | F105: Ganesh Bayen | G105: 8097781843 | H105: Mahishgram Murshidabad West Bengal-742168 | I105: Male | J105: DT4 | K105: 08-Aug-2025 | L105: =IF(K105="","",IFERROR(ROUND((TODAY()-IF(ISNUMBER(K105),K105,DATEVALUE(K105)))/365.25, 1),"")) -> 0 | M105: House Boy | N105: N/A | O105: Hitesh Kumar | P105: Hitesh.Kumar2@nab.com.au | Q105: N/A | R105: Naveen Rai | S105: In-Active | T105: Shared | U105: Yes | V105: 102196667560 | W105: 6936051490 | X105: Permanent
A106: 104 | B106: CBRE | C106: EHK | D106: 33591 | E106: Pintu Shil | F106: Cheraku Shil | G106: 9547393559 | H106: Chakrashail Safa Nagar Dakshin Dinajpur West Bengal-733141 | I106: Male | J106: DT4 | K106: 08-Aug-2025 | L106: =IF(K106="","",IFERROR(ROUND((TODAY()-IF(ISNUMBER(K106),K106,DATEVALUE(K106)))/365.25, 1),"")) -> 0 | M106: House Boy | N106: N/A | O106: Hitesh Kumar | P106: Hitesh.Kumar2@nab.com.au | Q106: N/A | R106: Naveen Rai | S106: In-Active | T106: Shared | U106: Yes | V106: 101916390444 | W106: 6933137354 | X106: Permanent
A107: 105 | B107: CBRE | C107: EHK | D107: 52292 | E107: Goutam Das | F107: Mohan Das | G107: 9732836132 | H107: Hno 127 ,Chakkar Pur ,Gurgoan, Haryana,,122001 | I107: Male | J107: DT4 | K107: 08-Aug-2025 | L107: =IF(K107="","",IFERROR(ROUND((TODAY()-IF(ISNUMBER(K107),K107,DATEVALUE(K107)))/365.25, 1),"")) -> 0 | M107: House Boy | N107: N/A | O107: Hitesh Kumar | P107: Hitesh.Kumar2@nab.com.au | Q107: N/A | R107: Naveen Rai | S107: In-Active | T107: Shared | U107: Yes | V107: 101832936339 | W107: 6724466758 | X107: Permanent
A108: 106 | B108: CBRE | C108: EHK | D108: 48841 | E108: Sukdeb Bayen | F108: Jamini Bayen | G108: 7319244360 | H108: Kurunnarun Kunnarun Murshidabad West Bengal-742161 | I108: Male | J108: DT4 | K108: 08-Aug-2025 | L108: =IF(K108="","",IFERROR(ROUND((TODAY()-IF(ISNUMBER(K108),K108,DATEVALUE(K108)))/365.25, 1),"")) -> 0 | M108: House Boy | N108: N/A | O108: Hitesh Kumar | P108: Hitesh.Kumar2@nab.com.au | Q108: N/A | R108: Naveen Rai | S108: In-Active | T108: Shared | U108: Yes | V108: 102172507975 | W108: 6935838385 | X108: Permanent
A109: 107 | B109: CBRE | C109: EHK | D109: 50115 | E109: Subhash Das | F109: Dinu Das | G109: 8927163496 | H109: Bhrulia Nadia West Bengal-741157 | I109: Male | J109: DT4 | K109: 08-Aug-2025 | L109: =IF(K109="","",IFERROR(ROUND((TODAY()-IF(ISNUMBER(K109),K109,DATEVALUE(K109)))/365.25, 1),"")) -> 0 | M109: House Boy | N109: N/A | O109: Hitesh Kumar | P109: Hitesh.Kumar2@nab.com.au | Q109: N/A | R109: Naveen Rai | S109: In-Active | T109: Shared | U109: Yes | V109: 101804641186 | W109: 6932449139 | X109: Permanent
... A115: 113 | B115: CBRE | C115: EHK | D115: 54982 | E115: Rajib Das | F115: Sukhen Das | G115: 7029418376 | H115: Mahishgram Murshidabad West Benga-742168 | I115: Male | J115: DT4 | K115: 02-Sep-2025 | L115: =IF(K115="","",IFERROR(ROUND((TODAY()-IF(ISNUMBER(K115),K115,DATEVALUE(K115)))/365.25, 1),"")) -> 0 | M115: House Boy | N115: N/A | O115: Hitesh Kumar | P115: Hitesh.Kumar2@nab.com.au | Q115: N/A | R115: Naveen Rai | S115: In-Active | T115: Shared | U115: Yes | V115: 102265881865 | W115: 6936576928 | X115: Permanent
A116: 114 | B116: CBRE | C116: EHK | D116: 53847 | E116: Bishnu Das | F116: Labai Das | G116: 9910357442 | H116: Marjatpur, Birbhum, Beliakuricha,West Bengal,,731234 | I116: Male | J116: DT4 | K116: 20-Aug-2025 | L116: =IF(K116="","",IFERROR(ROUND((TODAY()-IF(ISNUMBER(K116),K116,DATEVALUE(K116)))/365.25, 1),"")) -> 0 | M116: House Boy | N116: N/A | O116: Hitesh Kumar | P116: Hitesh.Kumar2@nab.com.au | Q116: N/A | R116: Naveen Rai | S116: In-Active | T116: Shared | U116: Yes | V116: 102251237218 | W116: 6936506722 | X116: Reliever | Y116: 25-Jun-2026
A117: 115 | B117: CBRE | C117: EHK | D117: 55787 | E117: Satyaban Mondal | F117: Biswanath Mondal | G117: 9038876969 | H117: Haripur Howrah West Bengal-711315 | I117: Male | J117: DT4 | K117: 01-Oct-2025 | L117: =IF(K117="","",IFERROR(ROUND((TODAY()-IF(ISNUMBER(K117),K117,DATEVALUE(K117)))/365.25, 1),"")) -> 0 | M117: House Boy | N117: N/A | O117: Hitesh Kumar | P117: Hitesh.Kumar2@nab.com.au | Q117: N/A | R117: Naveen Rai | S117: In-Active | T117: Shared | U117: Yes | V117: 102267904759 | W117: 6936627195 | X117: Permanent
A118: 116 | B118: CBRE | C118: EHK | D118: 55392 | E118: Santosh Kumar Sharma | F118: Mishrilal Sharma | G118: 7654151620 | H118: Ward -04 Bishanpur Panchayat Paharpur Manahar Chamra Har Vaishali Bihar-844504 | I118: Male | J118: DT3 | K118: 01-Oct-2025 | L118: =IF(K118="","",IFERROR(ROUND((TODAY()-IF(ISNUMBER(K118),K118,DATEVALUE(K118)))/365.25, 1),"")) -> 0 | M118: Hk Supervisor | N118: N/A | O118: Latika Chauhan | P118: Latika.Chauhan1@nab.com.au | Q118: N/A | R118: Naveen Rai | S118: Active | T118: Shared | U118: Yes | V118: 101818188784 | W118: 6932318448 | X118: Permanent
A119: 117 | B119: CBRE | C119: EHK | D119: 55330 | E119: Adittya | F119: BRAJ KISHOR DUAWEDI | G119: 9835749632 | H119: Purani Sahebganj Sahebganj Jharkhand-816109 | I119: Male | J119: DT3 | K119: 01-Oct-2025 | L119: =IF(K119="","",IFERROR(ROUND((TODAY()-IF(ISNUMBER(K119),K119,DATEVALUE(K119)))/365.25, 1),"")) -> 0 | M119: Hk Supervisor | N119: N/A | O119: Latika Chauhan | P119: Latika.Chauhan1@nab.com.au | Q119: N/A | R119: Naveen Rai | S119: Active | T119: Shared | U119: Yes | V119: 102010478638 | W119: 6934100380 | X119: Permanent
A120: 118 | B120: CBRE | C120: EHK | D120: 56291 | E120: Pankaj Kumar | F120: Rakesh Kumar | G120: 98216 59754 | H120: Manipur Rae Bareli Utter Pradesh Manipur Rae Bareli Utter Pradesh-229316 | I120: Male | J120: DT3 | K120: 29-Oct-2025 | L120: =IF(K120="","",IFERROR(ROUND((TODAY()-IF(ISNUMBER(K120),K120,DATEVALUE(K120)))/365.25, 1),"")) -> 0 | M120: Hk Supervisor | N120: N/A | O120: Latika Chauhan | P120: Latika.Chauhan1@nab.com.au | Q120: N/A | R120: Naveen Rai | S120: In-Active | T120: Shared | U120: Yes | V120: 101116460950 | W120: 1115100564 | X120: Permanent
A121: 119 | B121: CBRE | C121: EHK | D121: 56540 | E121: Archana Kumari | F121: Saurav Kumar | G121: 9582875392 | H121: House No -697 Gali No-06 C Chuttan Nagar Bijwasan South West Delhi-110061 | I121: Female | J121: DT3 | K121: 17-Nov-2025 | L121: =IF(K121="","",IFERROR(ROUND((TODAY()-IF(ISNUMBER(K121),K121,DATEVALUE(K121)))/365.25, 1),"")) -> 0 | M121: Hk Supervisor | N121: N/A | O121: Latika Chauhan | P121: Latika.Chauhan1@nab.com.au | Q121: N/A | R121: Naveen Rai | S121: Active | T121: Shared | U121: Yes | V121: 100926794591 | W121: 6929250003 | X121: Permanent
A122: 120 | B122: CBRE | C122: EHK | D122: 55387 | E122: Golap Mostufa | F122: Sajahan Ali | G122: 9395518716 | H122: Vill -Uttar Safakamar Po- Gobardhana Gobardhana Barpeta Assam-781315 | I122: Male | J122: DT3 | K122: 01-Oct-2025 | L122: =IF(K122="","",IFERROR(ROUND((TODAY()-IF(ISNUMBER(K122),K122,DATEVALUE(K122)))/365.25, 1),"")) -> 0 | M122: House Boy | N122: N/A | O122: Latika Chauhan | P122: Latika.Chauhan1@nab.com.au | Q122: N/A | R122: Naveen Rai | S122: In-Active | T122: Shared | U122: Yes | V122: 102110554081 | W122: 4709266476 | X122: Permanent
A123: 121 | B123: CBRE | C123: EHK | D123: 55653 | E123: Rana Saha | F123: Late Nepal Saha | G123: 96438 27197 | H123: Nazirpur Post -Nazir Pur Nadia West Bengal-741165 | I123: Male | J123: DT3 | K123: 01-Oct-2025 | L123: =IF(K123="","",IFERROR(ROUND((TODAY()-IF(ISNUMBER(K123),K123,DATEVALUE(K123)))/365.25, 1),"")) -> 0 | M123: House Boy | N123: N/A | O123: Latika Chauhan | P123: Latika.Chauhan1@nab.com.au | Q123: N/A | R123: Naveen Rai | S123: In-Active | T123: Shared | U123: Yes | V123: 101803310747 | W123: 6932127484 | X123: Permanent
A124: 122 | B124: CBRE | C124: EHK | D124: 56539 | E124: Santosh Kumar | F124: Ramketar | G124: 7275561194 | H124: Pure Diktan Kotva Mohmmadbad Rai Bareli Uttar Pradesh-229126 | I124: Male | J124: DT3 | K124: 01-Nov-2025 | L124: =IF(K124="","",IFERROR(ROUND((TODAY()-IF(ISNUMBER(K124),K124,DATEVALUE(K124)))/365.25, 1),"")) -> 0 | M124: House Boy | N124: N/A | O124: Latika Chauhan | P124: Latika.Chauhan1@nab.com.au | Q124: N/A | R124: Naveen Rai | S124: In-Active | T124: Shared | U124: Yes | V124: 101901556001 | W124: 6934145748 | X124: Permanent
A125: 123 | B125: CBRE | C125: EHK | D125: 55390 | E125: Mosharof Ali | F125: Noor Islam | G125: 9864702535 | H125: Vill- Safakamar Gobardhana Barpeta Assam-781315 | I125: Male | J125: DT3 | K125: 01-Oct-2025 | L125: =IF(K125="","",IFERROR(ROUND((TODAY()-IF(ISNUMBER(K125),K125,DATEVALUE(K125)))/365.25, 1),"")) -> 0 | M125: House Boy | N125: N/A | O125: Latika Chauhan | P125: Latika.Chauhan1@nab.com.au | Q125: N/A | R125: Naveen Rai | S125: In-Active | T125: Shared | U125: Yes | V125: 101698258496 | W125: 5610380792 | X125: Permanent
A126: 124 | B126: CBRE | C126: EHK | D126: 55667 | E126: Sunil Paswan | F126: Mahendra Paswan | G126: 8287320107 | H126: Manjira Post -Manjira Baka Bihar-813102 | I126: Male | J126: DT3 | K126: 11-Oct-2025 | L126: =IF(K126="","",IFERROR(ROUND((TODAY()-IF(ISNUMBER(K126),K126,DATEVALUE(K126)))/365.25, 1),"")) -> 0 | M126: House Boy | N126: N/A | O126: Latika Chauhan | P126: Latika.Chauhan1@nab.com.au | Q126: N/A | R126: Naveen Rai | S126: Active | T126: Shared | U126: Yes | V126: 101354577280 | W126: 6935199211 | X126: Permanent
A127: 125 | B127: CBRE | C127: EHK | D127: 53600 | E127: Ajay Kumar | F127: Dileep Kumar | G127: 8445942253 | H127: Village -Nagls Pai Post Kharpari Manipuri Uttar Pradesh-205001 | I127: Male | J127: DT3 | K127: 01-Oct-2025 | L127: =IF(K127="","",IFERROR(ROUND((TODAY()-IF(ISNUMBER(K127),K127,DATEVALUE(K127)))/365.25, 1),"")) -> 0 | M127: House Boy | N127: N/A | O127: Latika Chauhan | P127: Latika.Chauhan1@nab.com.au | Q127: N/A | R127: Naveen Rai | S127: In-Active | T127: Shared | U127: Yes | V127: 101925242016 | W127: 6933151593 | X127: Permanent
A128: 126 | B128: CBRE | C128: EHK | D128: 55342 | E128: Mohan Singh Bairwa | F128: Mishrya Bairwa | G128: 8700698556 | H128: Vtc Meena Baroda Meena Baroda Gangapur Sawai Madhopur Rajeshthan-322219 | I128: Male | J128: DT3 | K128: 03-Oct-2025 | L128: =IF(K128="","",IFERROR(ROUND((TODAY()-IF(ISNUMBER(K128),K128,DATEVALUE(K128)))/365.25, 1),"")) -> 0 | M128: House Boy | N128: N/A | O128: Latika Chauhan | P128: Latika.Chauhan1@nab.com.au | Q128: N/A | R128: Naveen Rai | S128: In-Active | T128: Shared | U128: Yes | V128: 101268738864 | W128: 2015272559 | X128: Permanent
... A219: 217 | B219: CBRE | C219: EHK | D219: 56737 | E219: Sejal | F219: NARESH | G219: 9871662603 | H219: Hno-63,First Floor Near Peer Baba Nathupur (67) Po:Nathupur,District Gurgaon Hr,122002 | I219: Female | J219: DT4 | K219: 16-Apr-2026 | L219: =IF(K219="","",IFERROR(ROUND((TODAY()-IF(ISNUMBER(K219),K219,DATEVALUE(K219)))/365.25, 1),"")) -> 0 | M219: Pantry Girl | N219: N/A | O219: Latika Chauhan | P219: Latika.Chauhan1@nab.com.au | Q219: N/A | R219: Naveen Rai | S219: Active | T219: Shared | U219: Yes | V219: 101821274377 | W219: 6932333632 | X219: Permanent
A220: 218 | B220: CBRE | C220: EHK | D220: 57635 | E220: Subha Bera | F220: Gurupada Bera | G220: 8447996326 | H220: Companichar South 24 Parganas West Bengal-743373 | I220: Male | J220: DT4 | K220: 18-Dec-2025 | L220: =IF(K220="","",IFERROR(ROUND((TODAY()-IF(ISNUMBER(K220),K220,DATEVALUE(K220)))/365.25, 1),"")) -> 0 | M220: House Boy | N220: N/A | O220: Latika Chauhan | P220: Latika.Chauhan1@nab.com.au | Q220: N/A | R220: Naveen Rai | S220: In-Active | T220: Shared | U220: Yes | V220: 102291688758 | W220: 6936809350 | X220: Reliever | Y220: 26-Jun-2026
A221: 219 | B221: CBRE | C221: EHK | D221: 57846 | E221: Sukur Ali | F221: Mohir Uddin | G221: 7982309908 | H221: Top Gaur Bongaigaon Assam-783384 | I221: Male | J221: DT3 | K221: 30-Dec-2025 | L221: =IF(K221="","",IFERROR(ROUND((TODAY()-IF(ISNUMBER(K221),K221,DATEVALUE(K221)))/365.25, 1),"")) -> 0 | M221: House Boy | N221: N/A | O221: Latika Chauhan | P221: Latika.Chauhan1@nab.com.au | Q221: N/A | R221: Naveen Rai | S221: In-Active | T221: Shared | U221: Yes | V221: 100721930403 | W221: 6929198043 | X221: Permanent
A222: 220 | B222: CBRE | C222: EHK | D222: 58207 | E222: Dhanvanti Kumari | F222: Rajesh Pandit | G222: 6399447715 | H222: Jalalpur, Jalalpur Samastipur Bihar-848506 | I222: Female | J222: DT3 | K222: 08-Jan-2026 | L222: =IF(K222="","",IFERROR(ROUND((TODAY()-IF(ISNUMBER(K222),K222,DATEVALUE(K222)))/365.25, 1),"")) -> 0 | M222: House Maid | N222: N/A | O222: Latika Chauhan | P222: Latika.Chauhan1@nab.com.au | Q222: N/A | R222: Naveen Rai | S222: Active | T222: Shared | U222: Yes | V222: 101925955337 | W222: 6936852253 | X222: Permanent
A223: 221 | B223: CBRE | C223: EHK | D223: 58243 | E223: Taki Hansda | F223: Lt. Bablu Hansda | G223: 8927752358 | H223: Nill Ghambhir Rasulpur Dakshin Dinajpur West Bengal-733121 | I223: Female | J223: DT3 | K223: 15-Jan-2026 | L223: =IF(K223="","",IFERROR(ROUND((TODAY()-IF(ISNUMBER(K223),K223,DATEVALUE(K223)))/365.25, 1),"")) -> 0 | M223: House Maid | N223: N/A | O223: Latika Chauhan | P223: Latika.Chauhan1@nab.com.au | Q223: N/A | R223: Naveen Rai | S223: Active | T223: Shared | U223: Yes | V223: 101942680360 | W223: 6722133826 | X223: Permanent
A224: 222 | B224: CBRE | C224: EHK | D224: 58763 | E224: Chandan Kumar | F224: Upendra Ram | G224: 7291945245 | H224: Dumari Dumari Samastipur Dumari Bindgram Bihar-848506 | I224: Male | J224: DT3 | K224: 28-Jan-2026 | L224: =IF(K224="","",IFERROR(ROUND((TODAY()-IF(ISNUMBER(K224),K224,DATEVALUE(K224)))/365.25, 1),"")) -> 0 | M224: House Boy | N224: N/A | O224: Latika Chauhan | P224: Latika.Chauhan1@nab.com.au | Q224: N/A | R224: Naveen Rai | S224: In-Active | T224: Shared | U224: Yes | V224: 101852793230 | W224: 6932631707 | X224: Permanent
A225: 223 | B225: CBRE | C225: EHK | D225: 58821 | E225: Sarsti Devi | F225: Birsa Lohar | G225: 8595878360 | H225: H.No -2099 Gali No-04 Prem Chowk Kapashera Po:Gurgaon Road South West Delhi-110037 | I225: Female | J225: DT3 | K225: 05-Feb-2026 | L225: =IF(K225="","",IFERROR(ROUND((TODAY()-IF(ISNUMBER(K225),K225,DATEVALUE(K225)))/365.25, 1),"")) -> 0 | M225: House Maid | N225: N/A | O225: Latika Chauhan | P225: Latika.Chauhan1@nab.com.au | Q225: N/A | R225: Naveen Rai | S225: Active | T225: Shared | U225: Yes | V225: 101406930468 | W225: 6936896797 | X225: Permanent
A226: 224 | B226: CBRE | C226: EHK | D226: 58862 | E226: Ganga Devi | F226: Arjun Jogi | G226: 9871898186 | H226: House No -1134 Street No -04 Near Prem Chowk South West Delhi-110037 | I226: Female | J226: DT3 | K226: 05-Feb-2026 | L226: =IF(K226="","",IFERROR(ROUND((TODAY()-IF(ISNUMBER(K226),K226,DATEVALUE(K226)))/365.25, 1),"")) -> 0 | M226: House Maid | N226: N/A | O226: Latika Chauhan | P226: Latika.Chauhan1@nab.com.au | Q226: N/A | R226: Naveen Rai | S226: Active | T226: Shared | U226: Yes | V226: 101556179015 | W226: 6931992302 | X226: Permanent
A227: 225 | B227: CBRE | C227: EHK | D227: 59248 | E227: Jogeshwar Oraon | F227: Haji Oraon | G227: 8848116136 | H227: Village -Bhitha Post Bhitha Bhandra Bhandra Lohardaga Jharkhand-835302 | I227: Male | J227: DT3 | K227: 24-Feb-2026 | L227: =IF(K227="","",IFERROR(ROUND((TODAY()-IF(ISNUMBER(K227),K227,DATEVALUE(K227)))/365.25, 1),"")) -> 0 | M227: House Boy | N227: N/A | O227: Latika Chauhan | P227: Latika.Chauhan1@nab.com.au | Q227: N/A | R227: Naveen Rai | S227: Active | T227: Shared | U227: Yes | V227: 101227168124 | W227: 6933889980 | X227: Permanent
A228: 226 | B228: CBRE | C228: EHK | D228: 59357 | E228: Tapas Bar | F228: Ratan Bar | G228: 9220916490 | H228: Khirkultala Sapkhali Sagar South 24 Pargana West Bengal-743373 | I228: Male | J228: DT4 | K228: 18-Feb-2026 | L228: =IF(K228="","",IFERROR(ROUND((TODAY()-IF(ISNUMBER(K228),K228,DATEVALUE(K228)))/365.25, 1),"")) -> 0 | M228: House Boy | N228: N/A | O228: Hitesh Kumar | P228: Hitesh.Kumar2@nab.com.au | Q228: N/A | R228: Shishir | S228: In-Active | T228: Shared | U228: Yes | V228: 102328444304 | W228: 6936956403 | X228: Reliever | Y228: 22-Jun-2026
A229: 227 | B229: CBRE | C229: EHK | D229: 59362 | E229: Satto | F229: BINTU | G229: 7428540254 | H229: Bhaderua Po-Bhaderua Mathura Uttar Pradesh-282222 | I229: Male | J229: DT3 | K229: 02-Mar-2026 | L229: =IF(K229="","",IFERROR(ROUND((TODAY()-IF(ISNUMBER(K229),K229,DATEVALUE(K229)))/365.25, 1),"")) -> 0 | M229: House Boy | N229: N/A | O229: Latika Chauhan | P229: Latika.Chauhan1@nab.com.au | Q229: N/A | R229: Naveen Rai | S229: In-Active | T229: Shared | U229: Yes | V229: 102307480591 | W229: 6936956419 | X229: Permanent
A230: 228 | B230: CBRE | C230: EHK | D230: 59540 | E230: Mujafar | F230: M.D. ALAM | G230: 9999080902 | H230: Dighal Dighal Lakhipur Lakhimpur North Dinajpur West Bengal-733207 | I230: Male | J230: DT3 | K230: 11-Mar-2026 | L230: =IF(K230="","",IFERROR(ROUND((TODAY()-IF(ISNUMBER(K230),K230,DATEVALUE(K230)))/365.25, 1),"")) -> 0 | M230: Pantry Boy | N230: N/A | O230: Latika Chauhan | P230: Latika.Chauhan1@nab.com.au | Q230: N/A | R230: Naveen Rai | S230: In-Active | T230: Shared | U230: Yes | V230: 101180061302 | W230: 1114088655 | X230: Permanent
A231: 229 | B231: CBRE | C231: EHK | D231: 59542 | E231: Navin Shah | F231: Surendra Shah | G231: 8375982374 | H231: Bhiau Po-Jalesar Etah Uttar Pradesh-207302 | I231: Male | J231: DT3 | K231: 08-Mar-2026 | L231: =IF(K231="","",IFERROR(ROUND((TODAY()-IF(ISNUMBER(K231),K231,DATEVALUE(K231)))/365.25, 1),"")) -> 0 | M231: Hk Supervisor | N231: N/A | O231: Latika Chauhan | P231: Latika.Chauhan1@nab.com.au | Q231: N/A | R231: Naveen Rai | S231: In-Active | T231: Shared | U231: Yes | V231: 101048305609 | W231: 6934190394 | X231: Permanent
A232: 230 | B232: CBRE | C232: EHK | D232: 59552 | E232: Ronit Lakra | F232: Milkyor Lakra | G232: 8018295744 | H232: Sahebdera Dhamakpur Sahebdera Po-Dhamakpur Sundargarh Odisha-770015 | I232: Male | J232: DT3 | K232: 10-Mar-2026 | L232: =IF(K232="","",IFERROR(ROUND((TODAY()-IF(ISNUMBER(K232),K232,DATEVALUE(K232)))/365.25, 1),"")) -> 0 | M232: House Boy | N232: N/A | O232: Latika Chauhan | P232: Latika.Chauhan1@nab.com.au | Q232: N/A | R232: Naveen Rai | S232: Active | T232: Shared | U232: Yes | V232: 102325452412 | W232: 6936973507 | X232: Permanent
A233: 231 | B233: CBRE | C233: EHK | D233: 59583 | E233: Kasmir Tete | F233: Samuel Tete | G233: 9717320773 | H233: Karanjskhol Kaniaghati Saraigarh Lephripara Sundargarh Odisha-770012 | I233: Male | J233: DT3 | K233: 11-Mar-2026 | L233: =IF(K233="","",IFERROR(ROUND((TODAY()-IF(ISNUMBER(K233),K233,DATEVALUE(K233)))/365.25, 1),"")) -> 0 | M233: House Boy | N233: N/A | O233: Latika Chauhan | P233: Latika.Chauhan1@nab.com.au | Q233: N/A | R233: Naveen Rai | S233: Active | T233: Shared | U233: Yes | V233: 100933896184 | W233: 6930590573 | X233: Permanent
A234: 232 | B234: CBRE | C234: EHK | D234: 59806 | E234: Pradeep Negi | F234: Prem Singh Negi | G234: 8178703970 | H234: House No -06 Shrikot Ranakot Shrikot Po-Ranakot Tehri Garhwal Uttarakhand-249146 | J234: DT4 | K234: 25-Mar-2026 | L234: =IF(K234="","",IFERROR(ROUND((TODAY()-IF(ISNUMBER(K234),K234,DATEVALUE(K234)))/365.25, 1),"")) -> 0 | M234: Pantry Boy | N234: N/A | O234: Hitesh Kumar | P234: Hitesh.Kumar2@nab.com.au | Q234: N/A | R234: Shishir | S234: Active | T234: Shared | U234: Yes | V234: 100450963816 | W234: 6714995806 | X234: Permanent
A235: 233 | B235: CBRE | C235: EHK | D235: 59842 | E235: Vijay Kujur | F235: Paulus Kujur | G235: 9650410699 | H235: Vill -Katkaya Po-Majha Toli Ps-Raidih Kurochhatarpur Gumla Jharkhand-835232 | I235: Male | J235: DT3 | K235: 27-Mar-2026 | L235: =IF(K235="","",IFERROR(ROUND((TODAY()-IF(ISNUMBER(K235),K235,DATEVALUE(K235)))/365.25, 1),"")) -> 0 | M235: House Boy | N235: N/A | O235: Latika Chauhan | P235: Latika.Chauhan1@nab.com.au | Q235: N/A | R235: Naveen Rai | S235: In-Active | T235: Shared | U235: Yes | V235: N/A | W235: 6932489091 | X235: Permanent
A236: 234 | B236: CBRE | C236: EHK | D236: 60203 | E236: Gunja Devi | F236: Jitendra Jha | G236: 8092417924 | H236: Araji Dostani Danda Bazar Bhagalpur Bihar-812005 | I236: Female | J236: DT3 | K236: 06-Apr-2026 | L236: =IF(K236="","",IFERROR(ROUND((TODAY()-IF(ISNUMBER(K236),K236,DATEVALUE(K236)))/365.25, 1),"")) -> 0 | M236: House Maid | N236: N/A | O236: Latika Chauhan | P236: Latika.Chauhan1@nab.com.au | Q236: N/A | R236: Naveen Rai | S236: In-Active | T236: Shared | U236: Yes | V236: N/A | W236: 6933647345 | X236: Permanent
A237: 235 | B237: CBRE | C237: EHK | D237: 60244 | E237: Ranthu Dang | F237: Ratiya Dang | G237: 9958504078 | H237: Lambha Tolivill-Tutikel Ps-Kolebira Tutikel Simdega Jharkhand-835211 | I237: Male | J237: DT3 | K237: 08-Apr-2026 | L237: =IF(K237="","",IFERROR(ROUND((TODAY()-IF(ISNUMBER(K237),K237,DATEVALUE(K237)))/365.25, 1),"")) -> 0 | M237: House Boy | N237: N/A | O237: Latika Chauhan | P237: Latika.Chauhan1@nab.com.au | Q237: N/A | R237: Naveen Rai | S237: Active | T237: Shared | U237: Yes | V237: 101071556538 | W237: 6937045276 | X237: Permanent
A238: 236 | B238: CBRE | C238: EHK | D238: 60306 | E238: Abhishek | F238: JAI BHAGWAN | G238: 9354879397 | H238: S-170/B-170, Jhareda Cantt Village South West Delhi-110010 | I238: Male | J238: DT3 | K238: 09-Apr-2026 | L238: =IF(K238="","",IFERROR(ROUND((TODAY()-IF(ISNUMBER(K238),K238,DATEVALUE(K238)))/365.25, 1),"")) -> 0 | M238: Rider | N238: N/A | O238: Latika Chauhan | P238: Latika.Chauhan1@nab.com.au | Q238: N/A | R238: Naveen Rai | S238: Active | T238: Shared | U238: Yes | V238: N/A | W238: 6933352396 | X238: Permanent
A239: 237 | B239: CBRE | C239: EHK | D239: 60372 | E239: Bimal Kerketta | F239: Philips Kerketta | G239: 8130043114 | H239: Village- Kumbatoli Simdega Simdega Jharkhand-835223 | I239: Male | J239: DT3 | K239: 09-Apr-2026 | L239: =IF(K239="","",IFERROR(ROUND((TODAY()-IF(ISNUMBER(K239),K239,DATEVALUE(K239)))/365.25, 1),"")) -> 0 | M239: House Boy | N239: N/A | O239: Latika Chauhan | P239: Latika.Chauhan1@nab.com.au | Q239: N/A | R239: Naveen Rai | S239: Active | T239: Shared | U239: Yes | V239: N/A | W239: 2016067442 | X239: Permanent
A240: 238 | B240: CBRE | C240: EHK | D240: 60499 | E240: Dharmendra Kumar | F240: Rajendra Kumar | G240: 7494943136 | H240: Sekhupur Hathwant Po-Sekhupur Hathwant Firozabad Uttar Pradesh-205145 | I240: Male | J240: DT3 | K240: 13-Apr-2026 | L240: =IF(K240="","",IFERROR(ROUND((TODAY()-IF(ISNUMBER(K240),K240,DATEVALUE(K240)))/365.25, 1),"")) -> 0 | M240: House Boy | N240: N/A | O240: Latika Chauhan | P240: Latika.Chauhan1@nab.com.au | Q240: N/A | R240: Naveen Rai | S240: Active | T240: Shared | U240: Yes | V240: 101748437781 | W240: 6936304597 | X240: Permanent
A241: 239 | B241: CBRE | C241: EHK | D241: 60569 | E241: Priya | F241: AJAY KUMAR | G241: 7428795135 | H241: Kubdera Po-Kubdera Sawai Mathopur Rajasthan-322029 | I241: Female | J241: DT3 | K241: 18-Apr-2026 | L241: =IF(K241="","",IFERROR(ROUND((TODAY()-IF(ISNUMBER(K241),K241,DATEVALUE(K241)))/365.25, 1),"")) -> 0 | M241: House Maid | N241: N/A | O241: Latika Chauhan | P241: Latika.Chauhan1@nab.com.au | Q241: N/A | R241: Naveen Rai | S241: Active | T241: Shared | U241: Yes | V241: N/A | W241: 6936531809 | X241: Permanent
A242: 240 | B242: CBRE | C242: EHK | D242: 60577 | E242: Devi Thapa | F242: Santosh | G242: 8447659876 | H242: 1350, Near Dc Office Kapashera Malikpur Kohi Alias Rangpuri South West Delhi-110037 | I242: Female | J242: DT3 | K242: 17-Apr-2026 | L242: =IF(K242="","",IFERROR(ROUND((TODAY()-IF(ISNUMBER(K242),K242,DATEVALUE(K242)))/365.25, 1),"")) -> 0 | M242: House Maid | N242: N/A | O242: Latika Chauhan | P242: Latika.Chauhan1@nab.com.au | Q242: N/A | R242: Naveen Rai | S242: Active | T242: Shared | U242: Yes | V242: 101592000412 | W242: 6930181349 | X242: Permanent
A243: 241 | B243: CBRE | C243: EHK | D243: 50042 | E243: Sasti Das | F243: Baidya Nath Das | G243: 9958840650 | H243: Nathupur Dlf Phase -03 Gurgaon Haryana-122002 | I243: Male | J243: DT3 | K243: 01-Oct-2025 | L243: =IF(K243="","",IFERROR(ROUND((TODAY()-IF(ISNUMBER(K243),K243,DATEVALUE(K243)))/365.25, 1),"")) -> 0 | M243: House Boy | N243: N/A | O243: Latika Chauhan | P243: Latika.Chauhan1@nab.com.au | Q243: N/A | R243: Naveen Rai | S243: In-Active | T243: Shared | U243: Yes | V243: 101219282829 | W243: 6929294912 | X243: Permanent
A244: 242 | B244: CBRE | C244: EHK | D244: 59793 | E244: Vijay Singh | F244: Dal Singh | G244: 9971343028 | H244: 88 ,Makrandpur Makrandpur Moradabad Khawari Aweal Uttar Pradesh-202411 | I244: Male | J244: DT4 | K244: 24-Mar-2026 | L244: =IF(K244="","",IFERROR(ROUND((TODAY()-IF(ISNUMBER(K244),K244,DATEVALUE(K244)))/365.25, 1),"")) -> 0 | M244: House Boy | N244: N/A | O244: Hitesh Kumar | P244: Hitesh.Kumar2@nab.com.au | Q244: N/A | R244: Shishir | S244: Active | T244: Shared | U244: Yes | V244: 101255531950 | W244: 6929794344 | X244: Permanent
A245: 243 | B245: CBRE | C245: EHK | D245: 60497 | E245: Chandu Devi | F245: Ramesh Das | G245: 7500726573 | H245: Bhagwatipur Taraura Vaishali Bhagwatipur Taraura Bihar-844122 | I245: Female | J245: DT4 | K245: 13-Apr-2026 | L245: =IF(K245="","",IFERROR(ROUND((TODAY()-IF(ISNUMBER(K245),K245,DATEVALUE(K245)))/365.25, 1),"")) -> 0 | M245: House Maid | N245: N/A | O245: Hitesh Kumar | P245: Hitesh.Kumar2@nab.com.au | Q245: N/A | R245: Shishir | S245: In-Active | T245: Shared | U245: Yes | V245: N/A | W245: 6936904417 | X245: Permanent
A246: 244 | B246: CBRE | C246: EHK | D246: 56590 | E246: Sadhna Tiwari | F246: Sarvesh | G246: 9277164438 | H246: Bhaluhi, Chiutaha,Gorakhpur Uttar Pradesh,273306 | I246: Female | J246: DT4 | K246: 21-Nov-2025 | L246: =IF(K246="","",IFERROR(ROUND((TODAY()-IF(ISNUMBER(K246),K246,DATEVALUE(K246)))/365.25, 1),"")) -> 0 | M246: Pantry Lady | N246: N/A | O246: Hitesh Kumar | P246: Hitesh.Kumar2@nab.com.au | Q246: N/A | R246: Shishir | S246: Active | T246: Shared | U246: Yes | V246: 102005028573 | W246: 6936732838 | X246: Permanent
... A250: 248 | B250: CBRE | C250: EHK | D250: 59189 | E250: Profullya Das | F250: Jiten Das | G250: 9667643851 | H250: Gobarhati Patenda Murshidabad West Bengal-742136 | I250: Male | J250: DT4 | K250: 10-Feb-2026 | L250: =IF(K250="","",IFERROR(ROUND((TODAY()-IF(ISNUMBER(K250),K250,DATEVALUE(K250)))/365.25, 1),"")) -> 0 | M250: House Boy | N250: N/A | O250: Hitesh Kumar | P250: Hitesh.Kumar2@nab.com.au | Q250: N/A | R250: Shishir | S250: In-Active | T250: Shared | U250: Yes | V250: 101285357513 | W250: 6930955031 | X250: Permanent
A251: 249 | B251: CBRE | C251: EHK | D251: 59190 | E251: Goutam Bayen | F251: Kumar Bayen | G251: 7074738414 | H251: Gokarna Gokarna Kandi Murshidabad West Bengal-742136 | I251: Male | J251: DT4 | K251: 09-Feb-2026 | L251: =IF(K251="","",IFERROR(ROUND((TODAY()-IF(ISNUMBER(K251),K251,DATEVALUE(K251)))/365.25, 1),"")) -> 0 | M251: House Boy | N251: N/A | O251: Hitesh Kumar | P251: Hitesh.Kumar2@nab.com.au | Q251: N/A | R251: Shishir | S251: In-Active | T251: Shared | U251: Yes | V251: 102312799361 | W251: 6936939123 | X251: Reliever | Y251: 27-Jun-2026
A252: 250 | B252: CBRE | C252: EHK | D252: 58806 | E252: Anil Kumar | F252: Ram Manohar | G252: 9717468065 | H252: House No -170 Village Gaaisinhapuraaanshik Farrukhabad Karimganj Farrukhabad Uttar Pradesh-209625 | I252: Male | J252: DT4 | K252: 05-Feb-2026 | L252: =IF(K252="","",IFERROR(ROUND((TODAY()-IF(ISNUMBER(K252),K252,DATEVALUE(K252)))/365.25, 1),"")) -> 0 | M252: Hk Supervisor | N252: N/A | O252: Hitesh Kumar | P252: Hitesh.Kumar2@nab.com.au | Q252: N/A | R252: Shishir | S252: Active | T252: Shared | U252: Yes | V252: 100735286792 | W252: 6719167628 | X252: Permanent
A253: 251 | B253: CBRE | C253: EHK | D253: 59993 | E253: Anupam Khalkho | F253: Yakub Khalkho | G253: 7894595980 | H253: Kaplas Vtc Biramitrapur Po-Biramitrapur Sab Biramitrapur Sundergarh Odisha-770033 | I253: Male | J253: DT4 | K253: 01-Apr-2026 | L253: =IF(K253="","",IFERROR(ROUND((TODAY()-IF(ISNUMBER(K253),K253,DATEVALUE(K253)))/365.25, 1),"")) -> 0 | M253: House Boy | N253: N/A | O253: Hitesh Kumar | P253: Hitesh.Kumar2@nab.com.au | Q253: N/A | R253: Shishir | S253: Active | T253: Shared | U253: Yes | V253: 101924778058 | W253: 6934404246 | X253: Permanent
A254: 252 | B254: CBRE | C254: EHK | D254: 57692 | E254: Anthrens Tirkey | F254: Anil Tirkey | G254: 9311496417 | H254: Latha Toli Dumrai Majgoun Bhagi Toli Gumla Jharkhand-835230 | I254: Male | J254: DT4 | K254: 03-Dec-2025 | L254: =IF(K254="","",IFERROR(ROUND((TODAY()-IF(ISNUMBER(K254),K254,DATEVALUE(K254)))/365.25, 1),"")) -> 0 | M254: House Boy | N254: N/A | O254: Hitesh Kumar | P254: Hitesh.Kumar2@nab.com.au | Q254: N/A | R254: Shishir | S254: Active | T254: Shared | U254: Yes | V254: 102289412900 | W254: 6936803911 | X254: Permanent
A255: 253 | B255: CBRE | C255: EHK | D255: 52312 | E255: Binit Xaxa | F255: Joseph Xaxa | G255: 9821271588 | H255: Latu Dumra Toli Sub District Raidih,Po,Kamta Dist,Gumla Jharkhand,835232 | I255: Male | J255: DT4 | K255: 06-Feb-2026 | L255: =IF(K255="","",IFERROR(ROUND((TODAY()-IF(ISNUMBER(K255),K255,DATEVALUE(K255)))/365.25, 1),"")) -> 0 | M255: House Boy | N255: N/A | O255: Hitesh Kumar | P255: Hitesh.Kumar2@nab.com.au | Q255: N/A | R255: Shishir | S255: In-Active | T255: Shared | U255: Yes | V255: 102234895527 | W255: 6936352843 | X255: Permanent
A256: 254 | B256: CBRE | C256: EHK | D256: 57493 | E256: Dinesh Singh | F256: Hira Singh | G256: 7447863855 | H256: Malon, Pandrah Pala,Pithoragarh Kharik,Uttarakhand,262555 | I256: Male | J256: DT4 | K256: 11-Dec-2025 | L256: =IF(K256="","",IFERROR(ROUND((TODAY()-IF(ISNUMBER(K256),K256,DATEVALUE(K256)))/365.25, 1),"")) -> 0 | M256: Pantry Boy | N256: N/A | O256: Hitesh Kumar | P256: Hitesh.Kumar2@nab.com.au | Q256: N/A | R256: Shishir | S256: Active | T256: Shared | U256: Yes | V256: 101464060342 | W256: 3314488338 | X256: Permanent
A257: 255 | B257: CBRE | C257: EHK | D257: 60746 | E257: Taitri Devi | F257: Lalan Bharti | G257: 7404635587 | H257: Navadih Khedli Kala Hunterganj Hunterganj Chatra Jharkhand-855403 | I257: Female | J257: DT4 | K257: 17-Apr-2026 | L257: =IF(K257="","",IFERROR(ROUND((TODAY()-IF(ISNUMBER(K257),K257,DATEVALUE(K257)))/365.25, 1),"")) -> 0 | M257: House Maid | N257: N/A | O257: Hitesh Kumar | P257: Hitesh.Kumar2@nab.com.au | Q257: N/A | R257: Shishir | S257: Active | T257: Shared | U257: Yes | V257: N/A | W257: 6935635170 | X257: Permanent
A258: 256 | B258: CBRE | C258: EHK | D258: 58829 | E258: Babita Saha | F258: Niranjan Saha | G258: 8967420032 | H258: Nayabazar Gopalpur Mil Para Gopalpur Po-Nayabazar Dakshin Dinajpur West Bengal-733142 | I258: Female | J258: DT4 | K258: 07-Feb-2026 | L258: =IF(K258="","",IFERROR(ROUND((TODAY()-IF(ISNUMBER(K258),K258,DATEVALUE(K258)))/365.25, 1),"")) -> 0 | M258: House Maid | N258: N/A | O258: Hitesh Kumar | P258: Hitesh.Kumar2@nab.com.au | Q258: N/A | R258: Shishir | S258: Active | T258: Shared | U258: Yes | V258: 102310444902 | W258: 6936903329 | X258: Permanent
A259: 257 | B259: CBRE | C259: EHK | D259: 60500 | E259: Abhinav Singh | F259: Brijnandan Singh | G259: 8427329847 | H259: Near Government Hospital Village Puthari Puthri Puthari Farrukhabad Uttar Pradesh-207501 | I259: Male | J259: DT4 | K259: 13-Apr-2026 | L259: =IF(K259="","",IFERROR(ROUND((TODAY()-IF(ISNUMBER(K259),K259,DATEVALUE(K259)))/365.25, 1),"")) -> 0 | M259: Mail Boy | N259: N/A | O259: Hitesh Kumar | P259: Hitesh.Kumar2@nab.com.au | Q259: N/A | R259: Shishir | S259: Active | T259: Shared | U259: Yes | V259: 101196467938 | W259: 1325377359 | X259: Permanent
A260: 258 | B260: CBRE | C260: EHK | D260: 59010 | E260: Atowa Orang | F260: Mangu Orang | G260: 9957690346 | H260: No -02 Tengkibasti Utter Kalikhola Udalguri Assam-784626 | I260: Male | J260: DT4 | K260: 15-Feb-2026 | L260: =IF(K260="","",IFERROR(ROUND((TODAY()-IF(ISNUMBER(K260),K260,DATEVALUE(K260)))/365.25, 1),"")) -> 0 | M260: House Boy | N260: N/A | O260: Hitesh Kumar | P260: Hitesh.Kumar2@nab.com.au | Q260: N/A | R260: Shishir | S260: Active | T260: Shared | U260: Yes | V260: 102289681463 | W260: 2019883331 | X260: Permanent
A261: 259 | B261: CBRE | C261: EHK | D261: 60581 | E261: Soni Devi | F261: Ashutosh Jha | G261: 8294578912 | H261: Pams Pama Ward No -08 Pams Saharsa Bihar-852107 | I261: Female | J261: DT4 | K261: 13-Apr-2026 | L261: =IF(K261="","",IFERROR(ROUND((TODAY()-IF(ISNUMBER(K261),K261,DATEVALUE(K261)))/365.25, 1),"")) -> 0 | M261: House Maid | N261: N/A | O261: Hitesh Kumar | P261: Hitesh.Kumar2@nab.com.au | Q261: N/A | R261: Shishir | S261: In-Active | T261: Shared | U261: Yes | V261: N/A | W261: 6934966866 | X261: Permanent
A262: 260 | B262: CBRE | C262: EHK | D262: 58138 | E262: Mo.Rihan | F262: Mo.Hanif | G262: 7290833794 | H262: Purwa Rawat Purwa Rawat Sahar Auraiya Uttar Pradesh-206248 | I262: Male | J262: DT4 | K262: 11-Jan-2026 | L262: =IF(K262="","",IFERROR(ROUND((TODAY()-IF(ISNUMBER(K262),K262,DATEVALUE(K262)))/365.25, 1),"")) -> 0 | M262: House Boy | N262: N/A | O262: Hitesh Kumar | P262: Hitesh.Kumar2@nab.com.au | Q262: N/A | R262: Shishir | S262: In-Active | T262: Shared | U262: Yes | V262: 102020121975 | W262: 6936470256 | X262: Permanent
A263: 261 | B263: CBRE | C263: EHK | D263: 60399 | E263: Ravi Kumar | F263: Nandkishor Ray | G263: 9315482279 | H263: Rajadih Bindraban Po-Bindrawan Seohar Bihar-843128 | I263: Male | J263: DT4 | K263: 14-Apr-2026 | L263: =IF(K263="","",IFERROR(ROUND((TODAY()-IF(ISNUMBER(K263),K263,DATEVALUE(K263)))/365.25, 1),"")) -> 0 | M263: House Boy | N263: N/A | O263: Hitesh Kumar | P263: Hitesh.Kumar2@nab.com.au | Q263: N/A | R263: Shishir | S263: Active | T263: Shared | U263: Yes | V263: 101654322690 | W263: 6936177399 | X263: Permanent
... A404: 402 | B404: CBRE | C404: I-con | D404: 23391 | E404: Arshdeep Singh | F404: Malkit Singh | G404: 9582340085 | H404: Jamaur Bari Anjaniya Khatima Udham Singh Nagar Uttarakhand | I404: Male | J404: DT4 | K404: 11-May-2026 | L404: =IF(K404="","",IFERROR(ROUND((TODAY()-IF(ISNUMBER(K404),K404,DATEVALUE(K404)))/365.25, 1),"")) -> 0 | M404: Mst | N404: N/A | O404: Hitesh Kumar | P404: Hitesh.Kumar2@nab.com.au | Q404: N/A | R404: Shishir | S404: Active | T404: Shared | U404: Yes | V404: 100730157883 | W404: 6925812483 | X404: Permanent
A405: 403 | B405: CBRE | C405: I-con | D405: 23484 | E405: Shailendra Yadav | F405: Ram Gulam | H405: House No-65 A Ward No-9 Farukh Nagar Gurgaon Haryana | I405: Male | J405: DT4 | K405: 13-May-2026 | L405: =IF(K405="","",IFERROR(ROUND((TODAY()-IF(ISNUMBER(K405),K405,DATEVALUE(K405)))/365.25, 1),"")) -> 0 | M405: Mst | N405: N/A | O405: Hitesh Kumar | P405: Hitesh.Kumar2@nab.com.au | Q405: N/A | R405: Shishir | S405: Active | T405: Shared | U405: Yes | V405: 101279444163 | W405: 6927839014 | X405: Permanent
A406: 404 | B406: CBRE | C406: I-con | D406: 23692 | E406: Hemant Kumar | F406: Ran Singh | G406: 8950222057 | H406: H.No-80 Rasulpur P.S Shadiabad Rasulpur Po- Dhanaipur Ghazipur Uttar Pradesh | I406: Male | J406: DT4 | K406: 13-Jun-2026 | L406: =IF(K406="","",IFERROR(ROUND((TODAY()-IF(ISNUMBER(K406),K406,DATEVALUE(K406)))/365.25, 1),"")) -> 0 | M406: Bms Operator | N406: N/A | O406: Hitesh Kumar | P406: Hitesh.Kumar2@nab.com.au | Q406: N/A | R406: Shishir | S406: Active | T406: Shared | U406: Yes | V406: N/A | W406: 6933258358 | X406: Permanent
A407: 405 | B407: CBRE | C407: I-con | D407: 23710 | E407: Ajay Kumar Singh | F407: Shailendra Singh | G407: 8800457943 | H407: Bahuara Post Lalganj Hirdiaypur Ballia Uttar Pradesh | I407: Male | J407: DT4 | K407: 15-Jun-2026 | L407: =IF(K407="","",IFERROR(ROUND((TODAY()-IF(ISNUMBER(K407),K407,DATEVALUE(K407)))/365.25, 1),"")) -> 0 | M407: Bms Operator | N407: N/A | O407: Hitesh Kumar | P407: Hitesh.Kumar2@nab.com.au | Q407: N/A | R407: Shishir | S407: Active | T407: Shared | U407: Yes | V407: 101196349574 | W407: 6937107913 | X407: Permanent
A408: 406 | B408: CBRE | C408: I-con | D408: 23340 | E408: Diwakar Mishra | F408: Wakil Mishra | G408: 9654160303 | H408: House No. 83 Ward No. 03 Mandholi Khurd (102) Bhiwani Haryana | I408: Male | J408: DT3 | K408: 24-Apr-2026 | L408: =IF(K408="","",IFERROR(ROUND((TODAY()-IF(ISNUMBER(K408),K408,DATEVALUE(K408)))/365.25, 1),"")) -> 0 | M408: Painter | N408: N/A | O408: Latika Chauhan | P408: Latika.Chauhan1@nab.com.au | Q408: N/A | R408: Naveen Rai | S408: Active | T408: shared | U408: Yes | V408: 100140710143 | W408: 2013929127 | X408: Permanent
A409: 407 | B409: CBRE | C409: I-con | D409: 23504 | E409: Anuj Kumar | F409: Shyam Singh | G409: 9599093050 | H409: Room No.105 Post Bijhari Bezhari Ghazipur Uttar Pradesh | I409: Male | J409: DT3 | K409: 01-Jun-2026 | L409: =IF(K409="","",IFERROR(ROUND((TODAY()-IF(ISNUMBER(K409),K409,DATEVALUE(K409)))/365.25, 1),"")) -> 0 | M409: Mst | N409: N/A | O409: Latika Chauhan | P409: Latika.Chauhan1@nab.com.au | Q409: N/A | R409: Naveen Rai | S409: Active | T409: shared | U409: Yes | V409: N/A | W409: 6929781362 | X409: Permanent
A410: 408 | B410: CBRE | C410: I-con | D410: 23769 | E410: Shivpoojan Kumar | F410: Shideshwar Mistri | G410: 8227050344 | H410: Gram Kathwan Post Kunda Bhalua Kosi Nawada Bihar | I410: Male | J410: DT3 | K410: 20-Jun-2026 | L410: =IF(K410="","",IFERROR(ROUND((TODAY()-IF(ISNUMBER(K410),K410,DATEVALUE(K410)))/365.25, 1),"")) -> 0 | M410: Carpenter | N410: N/A | O410: Latika Chauhan | P410: Latika.Chauhan1@nab.com.au | Q410: N/A | R410: Naveen Rai | S410: Active | T410: shared | U410: Yes | V410: N/A | W410: 2018792859 | X410: Permanent
A411: 409 | B411: COMPASS | C411: COMPASS | D411: 10066772 | E411: Suresh | F411: Salik Ram | G411: 9711863758 | H411: Post -Rampur Janak , Pure Naya,Raichh,Faizabad,Uttar Pardesh-225407 | I411: Male | J411: DT4 | K411: 07-Jun-2025 | L411: =IF(K411="","",IFERROR(ROUND((TODAY()-IF(ISNUMBER(K411),K411,DATEVALUE(K411)))/365.25, 1),"")) -> 0 | M411: STEWARD | N411: N/A | O411: Latika Chauhan | P411: Latika.Chauhan1@nab.com.au | Q411: N/A | R411: Pankaj Kumar | S411: Active | T411: Shared | U411: Available | V411: 101282957013 | W411: 6928034484 | X411: Permanent
A412: 410 | B412: COMPASS | C412: COMPASS | D412: 20009135 | E412: Akshay | F412: Ram Avtar | G412: 8279689706 | H412: Vill - Bichpuri, Post -Kelakhera, Rudrapur, Udham Singh Nagar,Uttarakhand - 263150 | I412: Male | J412: DT4 | K412: 18-Aug-2025 | L412: =IF(K412="","",IFERROR(ROUND((TODAY()-IF(ISNUMBER(K412),K412,DATEVALUE(K412)))/365.25, 1),"")) -> 0 | M412: COMMIS-I | N412: N/A | O412: Latika Chauhan | P412: Latika.Chauhan1@nab.com.au | Q412: N/A | R412: Pankaj Kumar | S412: Active | T412: Shared | U412: Available | V412: 101837617614 | W412: 6932430363 | X412: Permanent
A413: 411 | B413: COMPASS | C413: COMPASS | D413: 20037763 | E413: Mangal Singh | F413: Chauv Singh | G413: 8949194662 | H413: Deokhera,Dholpur,Rajasthan,328025 | I413: Male | J413: DT4 | K413: 05-Feb-2024 | L413: =IF(K413="","",IFERROR(ROUND((TODAY()-IF(ISNUMBER(K413),K413,DATEVALUE(K413)))/365.25, 1),"")) -> 0 | M413: STEWARD | N413: N/A | O413: Latika Chauhan | P413: Latika.Chauhan1@nab.com.au | Q413: N/A | R413: Pankaj Kumar | S413: Active | T413: Shared | U413: Available | V413: 101084585921 | W413: 6933769664 | X413: Permanent
A414: 412 | B414: COMPASS | C414: COMPASS | D414: 20041466 | E414: Sunder Singh | F414: Tara Chand | G414: 9084033029 | H414: Surraka,Mathura, Uttar Pardesh-281204 | I414: Male | J414: DT3 | K414: 23-Aug-2025 | L414: =IF(K414="","",IFERROR(ROUND((TODAY()-IF(ISNUMBER(K414),K414,DATEVALUE(K414)))/365.25, 1),"")) -> 0 | M414: STEWARD | N414: N/A | O414: Latika Chauhan | P414: Latika.Chauhan1@nab.com.au | Q414: N/A | R414: Pankaj Kumar | S414: Active | T414: Shared | U414: Available | V414: 101300809197 | W414: 6927095071 | X414: Permanent
A415: 413 | B415: COMPASS | C415: COMPASS | D415: 20043307 | E415: Sunil Kumar | F415: Pyare Lal | G415: 8826984320 | H415: Village-Gilada,Nehtaur,Nehtaur,Bijnor,Uttar Pardesh-246733 | I415: Male | J415: DT4 | K415: 21-Aug-2025 | L415: =IF(K415="","",IFERROR(ROUND((TODAY()-IF(ISNUMBER(K415),K415,DATEVALUE(K415)))/365.25, 1),"")) -> 0 | M415: SR. STEWARD | N415: N/A | O415: Latika Chauhan | P415: Latika.Chauhan1@nab.com.au | Q415: N/A | R415: Pankaj Kumar | S415: Active | T415: Shared | U415: Available | V415: 100605197058 | W415: 6934054979 | X415: Permanent
A416: 414 | B416: COMPASS | C416: COMPASS | D416: 20045536 | E416: Neeraj Kumar | F416: Ram Kishore | G416: 7838100082 | H416: 61,Sultannagar,urf Sadakpur,Bhatpura,Afzalgarh,Bijnor,Uttar Pardesh-246722 | I416: Male | J416: DT4 | K416: 06-Nov-2025 | L416: =IF(K416="","",IFERROR(ROUND((TODAY()-IF(ISNUMBER(K416),K416,DATEVALUE(K416)))/365.25, 1),"")) -> 0 | M416: STEWARD | N416: N/A | O416: Latika Chauhan | P416: Latika.Chauhan1@nab.com.au | Q416: N/A | R416: Pankaj Kumar | S416: Active | T416: Shared | U416: Available | V416: 101108068173 | W416: 6934232559 | X416: Permanent
A417: 415 | B417: COMPASS | C417: COMPASS | D417: 20052396 | E417: Rajendra Lal | F417: Kundi lal | G417: 9568512016 | H417: 51,Gram-Diyarkot,Post-Jakh,Diyarkot,Chamouli,Uttarkhand-246444 | I417: Male | J417: DT3 | K417: 14-Feb-2024 | L417: =IF(K417="","",IFERROR(ROUND((TODAY()-IF(ISNUMBER(K417),K417,DATEVALUE(K417)))/365.25, 1),"")) -> 0 | M417: COMMIS-II | N417: N/A | O417: Latika Chauhan | P417: Latika.Chauhan1@nab.com.au | Q417: N/A | R417: Pankaj Kumar | S417: Active | T417: Shared | U417: Available | V417: 102040452831 | W417: 6934451935 | X417: Permanent
... A451: 449 | B451: COMPASS | C451: PIHU FOODS | D451: PF0023 | E451: GYANENDRA PRAJAPATI | F451: RAJKARAN PRAJAPATI | G451: 9648540118 | H451: S/o Rajkaran Prajapati, Gaon Berauncha, Post Berauncha, Uparhar, PO: Sarai Akil, DIST: Kaushambi, Uttar Pradesh - 212216 | I451: Male | J451: NAB DT 3 | K451: 01-Jun-2026 | L451: =IF(K451="","",IFERROR(ROUND((TODAY()-IF(ISNUMBER(K451),K451,DATEVALUE(K451)))/365.25, 1),"")) -> 0 | M451: SERVICES | N451: N/A | O451: Latika Chauhan | P451: Latika.Chauhan1@nab.com.au | Q451: N/A | R451: Pankaj Kumar | S451: Active | T451: Shared | U451: Available | V451: 789517130745 | W451: 6937295713 | X451: Permanent
