Workbook

Sheet 📊 Dashboard
B1: 🏢 CBRE FACILITY MANAGEMENT — EQUIPMENT BREAKDOWN & DOWNTIME DASHBOARD
B2: Real-Time Asset Reliability, Complete vs. Partial Breakdown Analysis & Maintenance MTTR KPI Overview (2026)
B4: 📋 TOTAL BREAKDOWNS | D4: 🔴 COMPLETE BREAKDOWNS | F4: 🟡 PARTIAL BREAKDOWNS | H4: 🎯 RESOLUTION RATE
B5: =COUNT('🛠️ Breakdown Tracker 2026'!$A$3:$A$200) -> 166 | D5: =COUNTIF('🛠️ Breakdown Tracker 2026'!$H$3:$H$200, "*Complete*") -> 44 | F5: =COUNTIF('🛠️ Breakdown Tracker 2026'!$H$3:$H$200, "*Partial*") -> 122 | H5: =IFERROR(COUNTIF('🛠️ Breakdown Tracker 2026'!$L$3:$L$200, "Closed*") / COUNT('🛠️ Breakdown Tracker 2026'!$A$3:$A$200), 1) -> 0.96987952
B6: Equipment breakdowns in 2026 | D6: Full equipment shutdown | F6: Operational with issue (0 Downtime) | H6: Breakdowns resolved & restored
B8: ⏱️ TOTAL DOWNTIME | D8: ⏳ AVERAGE MTTR (HRS) | F8: 🚨 ACTIVE WIP / OPEN | H8: 🛡️ FLEET RELIABILITY
B9: =SUM('🛠️ Breakdown Tracker 2026'!$O$3:$O$200) -> 6084.8 | D9: =IFERROR(AVERAGEIF('🛠️ Breakdown Tracker 2026'!$H$3:$H$200, "*Complete*", '🛠️ Breakdown Tracker 2026'!$O$3:$O$200), 0) -> 138.29091 | F9: =COUNTIF('🛠️ Breakdown Tracker 2026'!$L$3:$L$200, "*Progress*") + COUNTIF('🛠️ Breakdown Tracker 2026'!$L$3:$L$200, "Open*") + COUNTIF('🛠️ Breakdown Tracker 2026'!$L$3:$L$200, "*Spare*") -> 5 | H9: =1 - IFERROR(D5/B5, 0) -> 0.73493976
B10: Total machine downtime hours | D10: Mean Time to Resolve Breakdowns | F10: Breakdowns pending resolution | H10: Breakdown resistance rate
B12: 📊 TABLE 1: SIMPLE CATEGORY BREAKDOWN & DOWNTIME SUMMARY (2026)
B13: Equipment Category | C13: Total Breakdowns | D13: 🔴 Complete Down | E13: 🟡 Partial Issues | F13: Total Downtime (Hrs) | G13: Avg MTTR (Hrs) | H13: Active WIP / Open | I13: % Share
B14: 🚰 Water & Plumbing | C14: =COUNTIF('🛠️ Breakdown Tracker 2026'!$E$3:$E$200, "Water & Plumbing*") -> 91 | D14: =COUNTIFS('🛠️ Breakdown Tracker 2026'!$E$3:$E$200, "Water & Plumbing*", '🛠️ Breakdown Tracker 2026'!$H$3:$H$200, "*Complete*") -> 24 | E14: =COUNTIFS('🛠️ Breakdown Tracker 2026'!$E$3:$E$200, "Water & Plumbing*", '🛠️ Breakdown Tracker 2026'!$H$3:$H$200, "*Partial*") -> 67 | F14: =SUMIFS('🛠️ Breakdown Tracker 2026'!$O$3:$O$200, '🛠️ Breakdown Tracker 2026'!$E$3:$E$200, "Water & Plumbing*") -> 420.7 | G14: =IFERROR(AVERAGEIFS('🛠️ Breakdown Tracker 2026'!$O$3:$O$200, '🛠️ Breakdown Tracker 2026'!$E$3:$E$200, "Water & Plumbing*", '🛠️ Breakdown Tracker 2026'!$H$3:$H$200, "*Complete*"), 0) -> 17.529167 | H14: =COUNTIFS('🛠️ Breakdown Tracker 2026'!$E$3:$E$200, "Water & Plumbing*", '🛠️ Breakdown Tracker 2026'!$L$3:$L$200, "<>Closed*") -> 0 | I14: =IFERROR(C14/SUM($C$14:$C$19), 0) -> 0.54819277
B15: ❄️ HVAC & Cooling | C15: =COUNTIF('🛠️ Breakdown Tracker 2026'!$E$3:$E$200, "HVAC & Cooling*") -> 10 | D15: =COUNTIFS('🛠️ Breakdown Tracker 2026'!$E$3:$E$200, "HVAC & Cooling*", '🛠️ Breakdown Tracker 2026'!$H$3:$H$200, "*Complete*") -> 3 | E15: =COUNTIFS('🛠️ Breakdown Tracker 2026'!$E$3:$E$200, "HVAC & Cooling*", '🛠️ Breakdown Tracker 2026'!$H$3:$H$200, "*Partial*") -> 7 | F15: =SUMIFS('🛠️ Breakdown Tracker 2026'!$O$3:$O$200, '🛠️ Breakdown Tracker 2026'!$E$3:$E$200, "HVAC & Cooling*") -> 154 | G15: =IFERROR(AVERAGEIFS('🛠️ Breakdown Tracker 2026'!$O$3:$O$200, '🛠️ Breakdown Tracker 2026'!$E$3:$E$200, "HVAC & Cooling*", '🛠️ Breakdown Tracker 2026'!$H$3:$H$200, "*Complete*"), 0) -> 51.333333 | H15: =COUNTIFS('🛠️ Breakdown Tracker 2026'!$E$3:$E$200, "HVAC & Cooling*", '🛠️ Breakdown Tracker 2026'!$L$3:$L$200, "<>Closed*") -> 1 | I15: =IFERROR(C15/SUM($C$14:$C$19), 0) -> 0.060240964
B16: ⚡ Electrical & Power | C16: =COUNTIF('🛠️ Breakdown Tracker 2026'!$E$3:$E$200, "Electrical & Power*") -> 24 | D16: =COUNTIFS('🛠️ Breakdown Tracker 2026'!$E$3:$E$200, "Electrical & Power*", '🛠️ Breakdown Tracker 2026'!$H$3:$H$200, "*Complete*") -> 8 | E16: =COUNTIFS('🛠️ Breakdown Tracker 2026'!$E$3:$E$200, "Electrical & Power*", '🛠️ Breakdown Tracker 2026'!$H$3:$H$200, "*Partial*") -> 16 | F16: =SUMIFS('🛠️ Breakdown Tracker 2026'!$O$3:$O$200, '🛠️ Breakdown Tracker 2026'!$E$3:$E$200, "Electrical & Power*") -> 684.7 | G16: =IFERROR(AVERAGEIFS('🛠️ Breakdown Tracker 2026'!$O$3:$O$200, '🛠️ Breakdown Tracker 2026'!$E$3:$E$200, "Electrical & Power*", '🛠️ Breakdown Tracker 2026'!$H$3:$H$200, "*Complete*"), 0) -> 85.5875 | H16: =COUNTIFS('🛠️ Breakdown Tracker 2026'!$E$3:$E$200, "Electrical & Power*", '🛠️ Breakdown Tracker 2026'!$L$3:$L$200, "<>Closed*") -> 2 | I16: =IFERROR(C16/SUM($C$14:$C$19), 0) -> 0.14457831
B17: 🍽️ Cafeteria Equipment | C17: =COUNTIF('🛠️ Breakdown Tracker 2026'!$E$3:$E$200, "Cafeteria Equipment*") -> 15 | D17: =COUNTIFS('🛠️ Breakdown Tracker 2026'!$E$3:$E$200, "Cafeteria Equipment*", '🛠️ Breakdown Tracker 2026'!$H$3:$H$200, "*Complete*") -> 6 | E17: =COUNTIFS('🛠️ Breakdown Tracker 2026'!$E$3:$E$200, "Cafeteria Equipment*", '🛠️ Breakdown Tracker 2026'!$H$3:$H$200, "*Partial*") -> 9 | F17: =SUMIFS('🛠️ Breakdown Tracker 2026'!$O$3:$O$200, '🛠️ Breakdown Tracker 2026'!$E$3:$E$200, "Cafeteria Equipment*") -> 4472.2 | G17: =IFERROR(AVERAGEIFS('🛠️ Breakdown Tracker 2026'!$O$3:$O$200, '🛠️ Breakdown Tracker 2026'!$E$3:$E$200, "Cafeteria Equipment*", '🛠️ Breakdown Tracker 2026'!$H$3:$H$200, "*Complete*"), 0) -> 745.36667 | H17: =COUNTIFS('🛠️ Breakdown Tracker 2026'!$E$3:$E$200, "Cafeteria Equipment*", '🛠️ Breakdown Tracker 2026'!$L$3:$L$200, "<>Closed*") -> 2 | I17: =IFERROR(C17/SUM($C$14:$C$19), 0) -> 0.090361446
B18: 🚪 Doors & Access Gates | C18: =COUNTIF('🛠️ Breakdown Tracker 2026'!$E$3:$E$200, "Doors & Access Gates*") -> 12 | D18: =COUNTIFS('🛠️ Breakdown Tracker 2026'!$E$3:$E$200, "Doors & Access Gates*", '🛠️ Breakdown Tracker 2026'!$H$3:$H$200, "*Complete*") -> 1 | E18: =COUNTIFS('🛠️ Breakdown Tracker 2026'!$E$3:$E$200, "Doors & Access Gates*", '🛠️ Breakdown Tracker 2026'!$H$3:$H$200, "*Partial*") -> 11 | F18: =SUMIFS('🛠️ Breakdown Tracker 2026'!$O$3:$O$200, '🛠️ Breakdown Tracker 2026'!$E$3:$E$200, "Doors & Access Gates*") -> 273.5 | G18: =IFERROR(AVERAGEIFS('🛠️ Breakdown Tracker 2026'!$O$3:$O$200, '🛠️ Breakdown Tracker 2026'!$E$3:$E$200, "Doors & Access Gates*", '🛠️ Breakdown Tracker 2026'!$H$3:$H$200, "*Complete*"), 0) -> 273.5 | H18: =COUNTIFS('🛠️ Breakdown Tracker 2026'!$E$3:$E$200, "Doors & Access Gates*", '🛠️ Breakdown Tracker 2026'!$L$3:$L$200, "<>Closed*") -> 0 | I18: =IFERROR(C18/SUM($C$14:$C$19), 0) -> 0.072289157
B19: 🚨 Fire, Safety & BMS | C19: =COUNTIF('🛠️ Breakdown Tracker 2026'!$E$3:$E$200, "Fire, Safety & BMS*") -> 14 | D19: =COUNTIFS('🛠️ Breakdown Tracker 2026'!$E$3:$E$200, "Fire, Safety & BMS*", '🛠️ Breakdown Tracker 2026'!$H$3:$H$200, "*Complete*") -> 2 | E19: =COUNTIFS('🛠️ Breakdown Tracker 2026'!$E$3:$E$200, "Fire, Safety & BMS*", '🛠️ Breakdown Tracker 2026'!$H$3:$H$200, "*Partial*") -> 12 | F19: =SUMIFS('🛠️ Breakdown Tracker 2026'!$O$3:$O$200, '🛠️ Breakdown Tracker 2026'!$E$3:$E$200, "Fire, Safety & BMS*") -> 79.7 | G19: =IFERROR(AVERAGEIFS('🛠️ Breakdown Tracker 2026'!$O$3:$O$200, '🛠️ Breakdown Tracker 2026'!$E$3:$E$200, "Fire, Safety & BMS*", '🛠️ Breakdown Tracker 2026'!$H$3:$H$200, "*Complete*"), 0) -> 39.85 | H19: =COUNTIFS('🛠️ Breakdown Tracker 2026'!$E$3:$E$200, "Fire, Safety & BMS*", '🛠️ Breakdown Tracker 2026'!$L$3:$L$200, "<>Closed*") -> 0 | I19: =IFERROR(C19/SUM($C$14:$C$19), 0) -> 0.084337349
B20: TOTAL / FLEET BREAKDOWNS | C20: =SUM(C14:C19) -> 166 | D20: =SUM(D14:D19) -> 44 | E20: =SUM(E14:E19) -> 122 | F20: =SUM(F14:F19) -> 6084.8 | G20: =IFERROR(AVERAGEIF('🛠️ Breakdown Tracker 2026'!$H$3:$H$200, "*Complete*", '🛠️ Breakdown Tracker 2026'!$O$3:$O$200), 0) -> 138.29091 | H20: =SUM(H14:H19) -> 5 | I20: =SUM(I14:I19) -> 1
B22: ⚙️ TABLE 2: OPERATIONAL BREAKDOWN SEVERITY & DOWNTIME TRACKING RULES
B23: Operational Severity Level | C23: Total Breakdowns | D23: Closed | E23: In Progress (WIP) | F23: Open / Pending | G23: Total Downtime (Hrs) | H23: % Share | I23: Downtime Calculation Rule / Policy Applied
B24: 🔴 Complete Breakdown (Full Downtime) | C24: =COUNTIF('🛠️ Breakdown Tracker 2026'!$H$3:$H$200, "*Complete*") -> 44 | D24: =COUNTIFS('🛠️ Breakdown Tracker 2026'!$H$3:$H$200, "*Complete*", '🛠️ Breakdown Tracker 2026'!$L$3:$L$200, "Closed*") -> 43 | E24: =COUNTIFS('🛠️ Breakdown Tracker 2026'!$H$3:$H$200, "*Complete*", '🛠️ Breakdown Tracker 2026'!$L$3:$L$200, "*Progress*") -> 1 | F24: =COUNTIFS('🛠️ Breakdown Tracker 2026'!$H$3:$H$200, "*Complete*", '🛠️ Breakdown Tracker 2026'!$L$3:$L$200, "Open*") + COUNTIFS('🛠️ Breakdown Tracker 2026'!$H$3:$H$200, "*Complete*", '🛠️ Breakdown Tracker 2026'!$L$3:$L$200, "*Spare*") -> 0 | G24: =SUMIFS('🛠️ Breakdown Tracker 2026'!$O$3:$O$200, '🛠️ Breakdown Tracker 2026'!$H$3:$H$200, "*Complete*") -> 6084.8 | H24: =IFERROR(C24/$C$20, 0) -> 0.26506024 | I24: 🔴 100% Breakdown Downtime Counted (Start to Resolution)
B25: 🟡 Partial Breakdown (Machine Operational) | C25: =COUNTIF('🛠️ Breakdown Tracker 2026'!$H$3:$H$200, "*Partial*") -> 122 | D25: =COUNTIFS('🛠️ Breakdown Tracker 2026'!$H$3:$H$200, "*Partial*", '🛠️ Breakdown Tracker 2026'!$L$3:$L$200, "Closed*") -> 118 | E25: =COUNTIFS('🛠️ Breakdown Tracker 2026'!$H$3:$H$200, "*Partial*", '🛠️ Breakdown Tracker 2026'!$L$3:$L$200, "*Progress*") -> 3 | F25: =COUNTIFS('🛠️ Breakdown Tracker 2026'!$H$3:$H$200, "*Partial*", '🛠️ Breakdown Tracker 2026'!$L$3:$L$200, "Open*") + COUNTIFS('🛠️ Breakdown Tracker 2026'!$H$3:$H$200, "*Partial*", '🛠️ Breakdown Tracker 2026'!$L$3:$L$200, "*Spare*") -> 1 | G25: =SUMIFS('🛠️ Breakdown Tracker 2026'!$O$3:$O$200, '🛠️ Breakdown Tracker 2026'!$H$3:$H$200, "*Partial*") -> 0 | H25: =IFERROR(C25/$C$20, 0) -> 0.73493976 | I25: 🟡 Machine Operational - 0.0 Hrs Downtime (Not Counted)
B26: TOTAL | C26: =SUM(C24:C25) -> 166 | D26: =SUM(D24:D25) -> 161 | E26: =SUM(E24:E25) -> 4 | F26: =SUM(F24:F25) -> 1 | G26: =SUM(G24:G25) -> 6084.8 | H26: =SUM(H24:H25) -> 1 | I26: Fleet Downtime Accounting Standard
B28: 🏆 TABLE 3: TOP 10 CRITICAL ASSETS BY BREAKDOWN DOWNTIME (2026)
B29: Rank | C29: Equipment / Asset Name | D29: Primary Category | E29: Total Breakdowns | F29: 🔴 Complete Down | G29: Total Downtime (Hrs) | H29: Downtime (Days) | I29: Avg MTTR (Hrs)
B30: #1 | C30: RO Water System | D30: Water & Plumbing | E30: =COUNTIF('🛠️ Breakdown Tracker 2026'!$D$3:$D$200, "RO Water System*") -> 32 | F30: =COUNTIFS('🛠️ Breakdown Tracker 2026'!$D$3:$D$200, "RO Water System*", '🛠️ Breakdown Tracker 2026'!$H$3:$H$200, "*Complete*") -> 0 | G30: =SUMIFS('🛠️ Breakdown Tracker 2026'!$O$3:$O$200, '🛠️ Breakdown Tracker 2026'!$D$3:$D$200, "RO Water System*") -> 0 | H30: =ROUND(G30/24, 2) -> 0 | I30: =IFERROR(AVERAGEIFS('🛠️ Breakdown Tracker 2026'!$O$3:$O$200, '🛠️ Breakdown Tracker 2026'!$D$3:$D$200, "RO Water System*", '🛠️ Breakdown Tracker 2026'!$H$3:$H$200, "*Complete*"), 0) -> 0
B31: #2 | C31: Zip Tap | D31: Water & Plumbing | E31: =COUNTIF('🛠️ Breakdown Tracker 2026'!$D$3:$D$200, "Zip Tap*") -> 26 | F31: =COUNTIFS('🛠️ Breakdown Tracker 2026'!$D$3:$D$200, "Zip Tap*", '🛠️ Breakdown Tracker 2026'!$H$3:$H$200, "*Complete*") -> 7 | G31: =SUMIFS('🛠️ Breakdown Tracker 2026'!$O$3:$O$200, '🛠️ Breakdown Tracker 2026'!$D$3:$D$200, "Zip Tap*") -> 260.9 | H31: =ROUND(G31/24, 2) -> 10.87 | I31: =IFERROR(AVERAGEIFS('🛠️ Breakdown Tracker 2026'!$O$3:$O$200, '🛠️ Breakdown Tracker 2026'!$D$3:$D$200, "Zip Tap*", '🛠️ Breakdown Tracker 2026'!$H$3:$H$200, "*Complete*"), 0) -> 37.271429
B32: #3 | C32: CSU (Ceiling Suspended Unit) | D32: HVAC & Cooling | E32: =COUNTIF('🛠️ Breakdown Tracker 2026'!$D$3:$D$200, "CSU (Ceiling Suspended Unit)*") -> 5 | F32: =COUNTIFS('🛠️ Breakdown Tracker 2026'!$D$3:$D$200, "CSU (Ceiling Suspended Unit)*", '🛠️ Breakdown Tracker 2026'!$H$3:$H$200, "*Complete*") -> 1 | G32: =SUMIFS('🛠️ Breakdown Tracker 2026'!$O$3:$O$200, '🛠️ Breakdown Tracker 2026'!$D$3:$D$200, "CSU (Ceiling Suspended Unit)*") -> 24.8 | H32: =ROUND(G32/24, 2) -> 1.03 | I32: =IFERROR(AVERAGEIFS('🛠️ Breakdown Tracker 2026'!$O$3:$O$200, '🛠️ Breakdown Tracker 2026'!$D$3:$D$200, "CSU (Ceiling Suspended Unit)*", '🛠️ Breakdown Tracker 2026'!$H$3:$H$200, "*Complete*"), 0) -> 24.8
B33: #4 | C33: VAV (Variable Air Volume) | D33: HVAC & Cooling | E33: =COUNTIF('🛠️ Breakdown Tracker 2026'!$D$3:$D$200, "VAV (Variable Air Volume)*") -> 4 | F33: =COUNTIFS('🛠️ Breakdown Tracker 2026'!$D$3:$D$200, "VAV (Variable Air Volume)*", '🛠️ Breakdown Tracker 2026'!$H$3:$H$200, "*Complete*") -> 1 | G33: =SUMIFS('🛠️ Breakdown Tracker 2026'!$O$3:$O$200, '🛠️ Breakdown Tracker 2026'!$D$3:$D$200, "VAV (Variable Air Volume)*") -> 27.8 | H33: =ROUND(G33/24, 2) -> 1.16 | I33: =IFERROR(AVERAGEIFS('🛠️ Breakdown Tracker 2026'!$O$3:$O$200, '🛠️ Breakdown Tracker 2026'!$D$3:$D$200, "VAV (Variable Air Volume)*", '🛠️ Breakdown Tracker 2026'!$H$3:$H$200, "*Complete*"), 0) -> 27.8
B34: #5 | C34: Speedstile Gate | D34: Doors & Access Gates | E34: =COUNTIF('🛠️ Breakdown Tracker 2026'!$D$3:$D$200, "Speedstile Gate*") -> 0 | F34: =COUNTIFS('🛠️ Breakdown Tracker 2026'!$D$3:$D$200, "Speedstile Gate*", '🛠️ Breakdown Tracker 2026'!$H$3:$H$200, "*Complete*") -> 0 | G34: =SUMIFS('🛠️ Breakdown Tracker 2026'!$O$3:$O$200, '🛠️ Breakdown Tracker 2026'!$D$3:$D$200, "Speedstile Gate*") -> 0 | H34: =ROUND(G34/24, 2) -> 0 | I34: =IFERROR(AVERAGEIFS('🛠️ Breakdown Tracker 2026'!$O$3:$O$200, '🛠️ Breakdown Tracker 2026'!$D$3:$D$200, "Speedstile Gate*", '🛠️ Breakdown Tracker 2026'!$H$3:$H$200, "*Complete*"), 0) -> 0
B35: #6 | C35: BMS System | D35: Fire, Safety & BMS | E35: =COUNTIF('🛠️ Breakdown Tracker 2026'!$D$3:$D$200, "BMS System*") -> 5 | F35: =COUNTIFS('🛠️ Breakdown Tracker 2026'!$D$3:$D$200, "BMS System*", '🛠️ Breakdown Tracker 2026'!$H$3:$H$200, "*Complete*") -> 0 | G35: =SUMIFS('🛠️ Breakdown Tracker 2026'!$O$3:$O$200, '🛠️ Breakdown Tracker 2026'!$D$3:$D$200, "BMS System*") -> 0 | H35: =ROUND(G35/24, 2) -> 0 | I35: =IFERROR(AVERAGEIFS('🛠️ Breakdown Tracker 2026'!$O$3:$O$200, '🛠️ Breakdown Tracker 2026'!$D$3:$D$200, "BMS System*", '🛠️ Breakdown Tracker 2026'!$H$3:$H$200, "*Complete*"), 0) -> 0
B36: #7 | C36: UPS & Battery System | D36: Electrical & Power | E36: =COUNTIF('🛠️ Breakdown Tracker 2026'!$D$3:$D$200, "UPS & Battery System*") -> 2 | F36: =COUNTIFS('🛠️ Breakdown Tracker 2026'!$D$3:$D$200, "UPS & Battery System*", '🛠️ Breakdown Tracker 2026'!$H$3:$H$200, "*Complete*") -> 1 | G36: =SUMIFS('🛠️ Breakdown Tracker 2026'!$O$3:$O$200, '🛠️ Breakdown Tracker 2026'!$D$3:$D$200, "UPS & Battery System*") -> 34 | H36: =ROUND(G36/24, 2) -> 1.42 | I36: =IFERROR(AVERAGEIFS('🛠️ Breakdown Tracker 2026'!$O$3:$O$200, '🛠️ Breakdown Tracker 2026'!$D$3:$D$200, "UPS & Battery System*", '🛠️ Breakdown Tracker 2026'!$H$3:$H$200, "*Complete*"), 0) -> 34
B37: #8 | C37: Toaster Machine | D37: Cafeteria Equipment | E37: =COUNTIF('🛠️ Breakdown Tracker 2026'!$D$3:$D$200, "Toaster Machine*") -> 0 | F37: =COUNTIFS('🛠️ Breakdown Tracker 2026'!$D$3:$D$200, "Toaster Machine*", '🛠️ Breakdown Tracker 2026'!$H$3:$H$200, "*Complete*") -> 0 | G37: =SUMIFS('🛠️ Breakdown Tracker 2026'!$O$3:$O$200, '🛠️ Breakdown Tracker 2026'!$D$3:$D$200, "Toaster Machine*") -> 0 | H37: =ROUND(G37/24, 2) -> 0 | I37: =IFERROR(AVERAGEIFS('🛠️ Breakdown Tracker 2026'!$O$3:$O$200, '🛠️ Breakdown Tracker 2026'!$D$3:$D$200, "Toaster Machine*", '🛠️ Breakdown Tracker 2026'!$H$3:$H$200, "*Complete*"), 0) -> 0
B38: #9 | C38: Ice Maker Machine | D38: Cafeteria Equipment | E38: =COUNTIF('🛠️ Breakdown Tracker 2026'!$D$3:$D$200, "Ice Maker Machine*") -> 2 | F38: =COUNTIFS('🛠️ Breakdown Tracker 2026'!$D$3:$D$200, "Ice Maker Machine*", '🛠️ Breakdown Tracker 2026'!$H$3:$H$200, "*Complete*") -> 0 | G38: =SUMIFS('🛠️ Breakdown Tracker 2026'!$O$3:$O$200, '🛠️ Breakdown Tracker 2026'!$D$3:$D$200, "Ice Maker Machine*") -> 0 | H38: =ROUND(G38/24, 2) -> 0 | I38: =IFERROR(AVERAGEIFS('🛠️ Breakdown Tracker 2026'!$O$3:$O$200, '🛠️ Breakdown Tracker 2026'!$D$3:$D$200, "Ice Maker Machine*", '🛠️ Breakdown Tracker 2026'!$H$3:$H$200, "*Complete*"), 0) -> 0
B39: #10 | C39: Dishwashing Machine | D39: Cafeteria Equipment | E39: =COUNTIF('🛠️ Breakdown Tracker 2026'!$D$3:$D$200, "Dishwashing Machine*") -> 2 | F39: =COUNTIFS('🛠️ Breakdown Tracker 2026'!$D$3:$D$200, "Dishwashing Machine*", '🛠️ Breakdown Tracker 2026'!$H$3:$H$200, "*Complete*") -> 0 | G39: =SUMIFS('🛠️ Breakdown Tracker 2026'!$O$3:$O$200, '🛠️ Breakdown Tracker 2026'!$D$3:$D$200, "Dishwashing Machine*") -> 0 | H39: =ROUND(G39/24, 2) -> 0 | I39: =IFERROR(AVERAGEIFS('🛠️ Breakdown Tracker 2026'!$O$3:$O$200, '🛠️ Breakdown Tracker 2026'!$D$3:$D$200, "Dishwashing Machine*", '🛠️ Breakdown Tracker 2026'!$H$3:$H$200, "*Complete*"), 0) -> 0
B41: 🛠️ SERVICE PROVIDER RESOLUTION MATRIX | F41: 📅 2026 MONTHLY BREAKDOWN & RESOLUTION TREND
B42: Handled By | C42: Total Jobs | D42: Breakdowns | E42: Closed Rate | F42: Month (2026) | G42: Breakdowns | H42: Downtime (Hrs) | I42: Closure %
B43: In-House Team | C43: =COUNTIF('🛠️ Breakdown Tracker 2026'!$K$3:$K$200, "In-House Team*") -> 87 | D43: =COUNTIFS('🛠️ Breakdown Tracker 2026'!$K$3:$K$200, "In-House Team*", '🛠️ Breakdown Tracker 2026'!$H$3:$H$200, "*Complete*") -> 25 | E43: =IFERROR(COUNTIFS('🛠️ Breakdown Tracker 2026'!$K$3:$K$200, "In-House Team*", '🛠️ Breakdown Tracker 2026'!$L$3:$L$200, "Closed*") / C43, 1) -> 0.95402299 | F43: Jan 2026 | G43: =COUNTIFS('🛠️ Breakdown Tracker 2026'!$B$3:$B$200, ">="&DATE(2026,1,1), '🛠️ Breakdown Tracker 2026'!$B$3:$B$200, "<="&DATE(2026,1,31)) -> 30 | H43: =SUMIFS('🛠️ Breakdown Tracker 2026'!$O$3:$O$200, '🛠️ Breakdown Tracker 2026'!$B$3:$B$200, ">="&DATE(2026,1,1), '🛠️ Breakdown Tracker 2026'!$B$3:$B$200, "<="&DATE(2026,1,31)) -> 406.2 | I43: =IFERROR(COUNTIFS('🛠️ Breakdown Tracker 2026'!$B$3:$B$200, ">="&DATE(2026,1,1), '🛠️ Breakdown Tracker 2026'!$B$3:$B$200, "<="&DATE(2026,1,31), '🛠️ Breakdown Tracker 2026'!$L$3:$L$200, "Closed*") / G43, 1) -> 1
B44: Vendor / OEM | C44: =COUNTIF('🛠️ Breakdown Tracker 2026'!$K$3:$K$200, "Vendor / OEM*") -> 76 | D44: =COUNTIFS('🛠️ Breakdown Tracker 2026'!$K$3:$K$200, "Vendor / OEM*", '🛠️ Breakdown Tracker 2026'!$H$3:$H$200, "*Complete*") -> 18 | E44: =IFERROR(COUNTIFS('🛠️ Breakdown Tracker 2026'!$K$3:$K$200, "Vendor / OEM*", '🛠️ Breakdown Tracker 2026'!$L$3:$L$200, "Closed*") / C44, 1) -> 0.98684211 | F44: Feb 2026 | G44: =COUNTIFS('🛠️ Breakdown Tracker 2026'!$B$3:$B$200, ">="&DATE(2026,2,1), '🛠️ Breakdown Tracker 2026'!$B$3:$B$200, "<="&DATE(2026,2,28)) -> 40 | H44: =SUMIFS('🛠️ Breakdown Tracker 2026'!$O$3:$O$200, '🛠️ Breakdown Tracker 2026'!$B$3:$B$200, ">="&DATE(2026,2,1), '🛠️ Breakdown Tracker 2026'!$B$3:$B$200, "<="&DATE(2026,2,28)) -> 4442.3 | I44: =IFERROR(COUNTIFS('🛠️ Breakdown Tracker 2026'!$B$3:$B$200, ">="&DATE(2026,2,1), '🛠️ Breakdown Tracker 2026'!$B$3:$B$200, "<="&DATE(2026,2,28), '🛠️ Breakdown Tracker 2026'!$L$3:$L$200, "Closed*") / G44, 1) -> 0.975
B45: DLF / Landlord Team | C45: =COUNTIF('🛠️ Breakdown Tracker 2026'!$K$3:$K$200, "DLF / Landlord Team*") -> 3 | D45: =COUNTIFS('🛠️ Breakdown Tracker 2026'!$K$3:$K$200, "DLF / Landlord Team*", '🛠️ Breakdown Tracker 2026'!$H$3:$H$200, "*Complete*") -> 1 | E45: =IFERROR(COUNTIFS('🛠️ Breakdown Tracker 2026'!$K$3:$K$200, "DLF / Landlord Team*", '🛠️ Breakdown Tracker 2026'!$L$3:$L$200, "Closed*") / C45, 1) -> 1 | F45: Mar 2026 | G45: =COUNTIFS('🛠️ Breakdown Tracker 2026'!$B$3:$B$200, ">="&DATE(2026,3,1), '🛠️ Breakdown Tracker 2026'!$B$3:$B$200, "<="&DATE(2026,3,31)) -> 41 | H45: =SUMIFS('🛠️ Breakdown Tracker 2026'!$O$3:$O$200, '🛠️ Breakdown Tracker 2026'!$B$3:$B$200, ">="&DATE(2026,3,1), '🛠️ Breakdown Tracker 2026'!$B$3:$B$200, "<="&DATE(2026,3,31)) -> 80.1 | I45: =IFERROR(COUNTIFS('🛠️ Breakdown Tracker 2026'!$B$3:$B$200, ">="&DATE(2026,3,1), '🛠️ Breakdown Tracker 2026'!$B$3:$B$200, "<="&DATE(2026,3,31), '🛠️ Breakdown Tracker 2026'!$L$3:$L$200, "Closed*") / G45, 1) -> 0.95121951
B46: Project Team | C46: =COUNTIF('🛠️ Breakdown Tracker 2026'!$K$3:$K$200, "Project Team*") -> 0 | D46: =COUNTIFS('🛠️ Breakdown Tracker 2026'!$K$3:$K$200, "Project Team*", '🛠️ Breakdown Tracker 2026'!$H$3:$H$200, "*Complete*") -> 0 | E46: =IFERROR(COUNTIFS('🛠️ Breakdown Tracker 2026'!$K$3:$K$200, "Project Team*", '🛠️ Breakdown Tracker 2026'!$L$3:$L$200, "Closed*") / C46, 1) -> 1 | F46: Apr 2026 | G46: =COUNTIFS('🛠️ Breakdown Tracker 2026'!$B$3:$B$200, ">="&DATE(2026,4,1), '🛠️ Breakdown Tracker 2026'!$B$3:$B$200, "<="&DATE(2026,4,30)) -> 25 | H46: =SUMIFS('🛠️ Breakdown Tracker 2026'!$O$3:$O$200, '🛠️ Breakdown Tracker 2026'!$B$3:$B$200, ">="&DATE(2026,4,1), '🛠️ Breakdown Tracker 2026'!$B$3:$B$200, "<="&DATE(2026,4,30)) -> 642.3 | I46: =IFERROR(COUNTIFS('🛠️ Breakdown Tracker 2026'!$B$3:$B$200, ">="&DATE(2026,4,1), '🛠️ Breakdown Tracker 2026'!$B$3:$B$200, "<="&DATE(2026,4,30), '🛠️ Breakdown Tracker 2026'!$L$3:$L$200, "Closed*") / G46, 1) -> 1
F47: May 2026 | G47: =COUNTIFS('🛠️ Breakdown Tracker 2026'!$B$3:$B$200, ">="&DATE(2026,5,1), '🛠️ Breakdown Tracker 2026'!$B$3:$B$200, "<="&DATE(2026,5,31)) -> 30 | H47: =SUMIFS('🛠️ Breakdown Tracker 2026'!$O$3:$O$200, '🛠️ Breakdown Tracker 2026'!$B$3:$B$200, ">="&DATE(2026,5,1), '🛠️ Breakdown Tracker 2026'!$B$3:$B$200, "<="&DATE(2026,5,31)) -> 513.9 | I47: =IFERROR(COUNTIFS('🛠️ Breakdown Tracker 2026'!$B$3:$B$200, ">="&DATE(2026,5,1), '🛠️ Breakdown Tracker 2026'!$B$3:$B$200, "<="&DATE(2026,5,31), '🛠️ Breakdown Tracker 2026'!$L$3:$L$200, "Closed*") / G47, 1) -> 0.93333333
F48: Jun 2026 | G48: =COUNTIFS('🛠️ Breakdown Tracker 2026'!$B$3:$B$200, ">="&DATE(2026,6,1), '🛠️ Breakdown Tracker 2026'!$B$3:$B$200, "<="&DATE(2026,6,30)) -> 0 | H48: =SUMIFS('🛠️ Breakdown Tracker 2026'!$O$3:$O$200, '🛠️ Breakdown Tracker 2026'!$B$3:$B$200, ">="&DATE(2026,6,1), '🛠️ Breakdown Tracker 2026'!$B$3:$B$200, "<="&DATE(2026,6,30)) -> 0 | I48: =IFERROR(COUNTIFS('🛠️ Breakdown Tracker 2026'!$B$3:$B$200, ">="&DATE(2026,6,1), '🛠️ Breakdown Tracker 2026'!$B$3:$B$200, "<="&DATE(2026,6,30), '🛠️ Breakdown Tracker 2026'!$L$3:$L$200, "Closed*") / G48, 1) -> 1

Sheet 🛠️ Breakdown Tracker 2026
A1: 🏢 CBRE— EQUIPMENT BREAKDOWN TRACKER (2026)
A2: Sr. No. | B2: Start Date | C2: Start Time | D2: Equipment / Asset | E2: Category | F2: Location / Zone | G2: Nature of Breakdown / Malfunction | H2: Operational Impact | I2: Ticket No. | J2: Action Taken / Resolution Summary | K2: Handled By | L2: Status | M2: Closing Date | N2: Closing Time | O2: Breakdown Downtime (Hrs) | P2: Breakdown Downtime (Days) | Q2: Total Lead Time (Hrs) | R2: Complete Breakdown Flag | S2: Remarks / Vendor Details
A3: 1 | B3: 46027 | C3: 0.48055556 | D3: RO Water System | E3: Water & Plumbing | F3: Main Facility Floor | G3: Water Pressure issue | H3: 🟡 Partial Breakdown (Machine Operational) | I3: 104989 | J3: Inspected, serviced and restored to normal operation by In-House Team | K3: In-House Team | L3: Closed | M3: 46027 | N3: 0.75 | O3: =IF(ISBLANK(B3), 0, IF(ISNUMBER(SEARCH("Complete", H3)), IF(ISBLANK(M3), IF(L3="Closed", 4, ROUND(MAX(0, (NOW() - (B3 + IF(ISBLANK(C3), TIME(9,0,0), C3))) * 24), 1)), ROUND(MAX(0, ((M3 + IF(ISBLANK(N3), TIME(18,0,0), N3)) - (B3 + IF(ISBLANK(C3), TIME(9,0,0), C3))) * 24), 1)), 0)) -> 0 | P3: =ROUND(O3 / 24, 2) -> 0 | Q3: =IF(ISBLANK(B3), 0, IF(ISBLANK(M3), IF(L3="Closed", 4, ROUND(MAX(0, (NOW() - (B3 + IF(ISBLANK(C3), TIME(9,0,0), C3))) * 24), 1)), ROUND(MAX(0, ((M3 + IF(ISBLANK(N3), TIME(18,0,0), N3)) - (B3 + IF(ISBLANK(C3), TIME(9,0,0), C3))) * 24), 1))) -> 6.5 | R3: =IF(ISNUMBER(SEARCH("Complete", H3)), 1, 0) -> 0 | S3: Standard Resolution
A4: 2 | B4: 46028 | C4: 0.40138889 | D4: RO Water System | E4: Water & Plumbing | F4: Zone F Floor | G4: Zone - F, RO Water TDS issue | H4: 🟡 Partial Breakdown (Machine Operational) | I4: 105158 | J4: Inspected, serviced and restored to normal operation by In-House Team | K4: In-House Team | L4: Closed | M4: 46028 | N4: 0.75 | O4: =IF(ISBLANK(B4), 0, IF(ISNUMBER(SEARCH("Complete", H4)), IF(ISBLANK(M4), IF(L4="Closed", 4, ROUND(MAX(0, (NOW() - (B4 + IF(ISBLANK(C4), TIME(9,0,0), C4))) * 24), 1)), ROUND(MAX(0, ((M4 + IF(ISBLANK(N4), TIME(18,0,0), N4)) - (B4 + IF(ISBLANK(C4), TIME(9,0,0), C4))) * 24), 1)), 0)) -> 0 | P4: =ROUND(O4 / 24, 2) -> 0 | Q4: =IF(ISBLANK(B4), 0, IF(ISBLANK(M4), IF(L4="Closed", 4, ROUND(MAX(0, (NOW() - (B4 + IF(ISBLANK(C4), TIME(9,0,0), C4))) * 24), 1)), ROUND(MAX(0, ((M4 + IF(ISBLANK(N4), TIME(18,0,0), N4)) - (B4 + IF(ISBLANK(C4), TIME(9,0,0), C4))) * 24), 1))) -> 8.4 | R4: =IF(ISNUMBER(SEARCH("Complete", H4)), 1, 0) -> 0 | S4: Standard Resolution
A5: 3 | B5: 46031 | C5: 0.43611111 | D5: RO Water System | E5: Water & Plumbing | F5: Zone A - Social Hub | G5: Zone A, Social hub Water Leakage issue | H5: 🟡 Partial Breakdown (Machine Operational) | I5: 106282 | J5: Inspected, serviced and restored to normal operation by In-House Team | K5: In-House Team | L5: Closed | M5: 46031 | N5: 0.75 | O5: =IF(ISBLANK(B5), 0, IF(ISNUMBER(SEARCH("Complete", H5)), IF(ISBLANK(M5), IF(L5="Closed", 4, ROUND(MAX(0, (NOW() - (B5 + IF(ISBLANK(C5), TIME(9,0,0), C5))) * 24), 1)), ROUND(MAX(0, ((M5 + IF(ISBLANK(N5), TIME(18,0,0), N5)) - (B5 + IF(ISBLANK(C5), TIME(9,0,0), C5))) * 24), 1)), 0)) -> 0 | P5: =ROUND(O5 / 24, 2) -> 0 | Q5: =IF(ISBLANK(B5), 0, IF(ISBLANK(M5), IF(L5="Closed", 4, ROUND(MAX(0, (NOW() - (B5 + IF(ISBLANK(C5), TIME(9,0,0), C5))) * 24), 1)), ROUND(MAX(0, ((M5 + IF(ISBLANK(N5), TIME(18,0,0), N5)) - (B5 + IF(ISBLANK(C5), TIME(9,0,0), C5))) * 24), 1))) -> 7.5 | R5: =IF(ISNUMBER(SEARCH("Complete", H5)), 1, 0) -> 0 | S5: Standard Resolution
A6: 4 | B6: 46031 | C6: 0.43611111 | D6: Zip Tap | E6: Water & Plumbing | F6: Mother's Room | G6: Mother Room, Zip Tap Display Sensor issue | H6: 🟡 Partial Breakdown (Machine Operational) | I6: 106283 | J6: Inspected, serviced and restored to normal operation by In-House Team | K6: In-House Team | L6: Closed | M6: 46031 | N6: 0.75 | O6: =IF(ISBLANK(B6), 0, IF(ISNUMBER(SEARCH("Complete", H6)), IF(ISBLANK(M6), IF(L6="Closed", 4, ROUND(MAX(0, (NOW() - (B6 + IF(ISBLANK(C6), TIME(9,0,0), C6))) * 24), 1)), ROUND(MAX(0, ((M6 + IF(ISBLANK(N6), TIME(18,0,0), N6)) - (B6 + IF(ISBLANK(C6), TIME(9,0,0), C6))) * 24), 1)), 0)) -> 0 | P6: =ROUND(O6 / 24, 2) -> 0 | Q6: =IF(ISBLANK(B6), 0, IF(ISBLANK(M6), IF(L6="Closed", 4, ROUND(MAX(0, (NOW() - (B6 + IF(ISBLANK(C6), TIME(9,0,0), C6))) * 24), 1)), ROUND(MAX(0, ((M6 + IF(ISBLANK(N6), TIME(18,0,0), N6)) - (B6 + IF(ISBLANK(C6), TIME(9,0,0), C6))) * 24), 1))) -> 7.5 | R6: =IF(ISNUMBER(SEARCH("Complete", H6)), 1, 0) -> 0 | S6: Standard Resolution
A7: 5 | B7: 46034 | C7: 0.4625 | D7: RO Water System | E7: Water & Plumbing | F7: Zone F Floor | G7: Zone -F, RO Water TDS issue | H7: 🟡 Partial Breakdown (Machine Operational) | I7: 106572 | J7: Inspected, serviced and restored to normal operation by In-House Team | K7: In-House Team | L7: Closed | M7: 46034 | N7: 0.75 | O7: =IF(ISBLANK(B7), 0, IF(ISNUMBER(SEARCH("Complete", H7)), IF(ISBLANK(M7), IF(L7="Closed", 4, ROUND(MAX(0, (NOW() - (B7 + IF(ISBLANK(C7), TIME(9,0,0), C7))) * 24), 1)), ROUND(MAX(0, ((M7 + IF(ISBLANK(N7), TIME(18,0,0), N7)) - (B7 + IF(ISBLANK(C7), TIME(9,0,0), C7))) * 24), 1)), 0)) -> 0 | P7: =ROUND(O7 / 24, 2) -> 0 | Q7: =IF(ISBLANK(B7), 0, IF(ISBLANK(M7), IF(L7="Closed", 4, ROUND(MAX(0, (NOW() - (B7 + IF(ISBLANK(C7), TIME(9,0,0), C7))) * 24), 1)), ROUND(MAX(0, ((M7 + IF(ISBLANK(N7), TIME(18,0,0), N7)) - (B7 + IF(ISBLANK(C7), TIME(9,0,0), C7))) * 24), 1))) -> 6.9 | R7: =IF(ISNUMBER(SEARCH("Complete", H7)), 1, 0) -> 0 | S7: Standard Resolution
A8: 6 | B8: 46035 | C8: 0.33333333 | D8: UPS & Battery System | E8: Electrical & Power | F8: Main Facility Floor | G8: Light not working needs to be checked | H8: 🔴 Complete Breakdown (Full Downtime) | I8: N/A | J8: Inspected, serviced and restored to normal operation by In-House Team | K8: In-House Team | L8: Closed | M8: 46036 | N8: 0.75 | O8: =IF(ISBLANK(B8), 0, IF(ISNUMBER(SEARCH("Complete", H8)), IF(ISBLANK(M8), IF(L8="Closed", 4, ROUND(MAX(0, (NOW() - (B8 + IF(ISBLANK(C8), TIME(9,0,0), C8))) * 24), 1)), ROUND(MAX(0, ((M8 + IF(ISBLANK(N8), TIME(18,0,0), N8)) - (B8 + IF(ISBLANK(C8), TIME(9,0,0), C8))) * 24), 1)), 0)) -> 34 | P8: =ROUND(O8 / 24, 2) -> 1.42 | Q8: =IF(ISBLANK(B8), 0, IF(ISBLANK(M8), IF(L8="Closed", 4, ROUND(MAX(0, (NOW() - (B8 + IF(ISBLANK(C8), TIME(9,0,0), C8))) * 24), 1)), ROUND(MAX(0, ((M8 + IF(ISBLANK(N8), TIME(18,0,0), N8)) - (B8 + IF(ISBLANK(C8), TIME(9,0,0), C8))) * 24), 1))) -> 34 | R8: =IF(ISNUMBER(SEARCH("Complete", H8)), 1, 0) -> 1 | S8: Standard Resolution
A9: 7 | B9: 46035 | C9: 0.64583333 | D9: Washroom Door | E9: Doors & Access Gates | F9: Zone E - Male Washroom | G9: Zone - E, Male washroom door not properly close | H9: 🟡 Partial Breakdown (Machine Operational) | I9: N/A | J9: Inspected, serviced and restored to normal operation by In-House Team | K9: In-House Team | L9: Closed | M9: 46036 | N9: 0.75 | O9: =IF(ISBLANK(B9), 0, IF(ISNUMBER(SEARCH("Complete", H9)), IF(ISBLANK(M9), IF(L9="Closed", 4, ROUND(MAX(0, (NOW() - (B9 + IF(ISBLANK(C9), TIME(9,0,0), C9))) * 24), 1)), ROUND(MAX(0, ((M9 + IF(ISBLANK(N9), TIME(18,0,0), N9)) - (B9 + IF(ISBLANK(C9), TIME(9,0,0), C9))) * 24), 1)), 0)) -> 0 | P9: =ROUND(O9 / 24, 2) -> 0 | Q9: =IF(ISBLANK(B9), 0, IF(ISBLANK(M9), IF(L9="Closed", 4, ROUND(MAX(0, (NOW() - (B9 + IF(ISBLANK(C9), TIME(9,0,0), C9))) * 24), 1)), ROUND(MAX(0, ((M9 + IF(ISBLANK(N9), TIME(18,0,0), N9)) - (B9 + IF(ISBLANK(C9), TIME(9,0,0), C9))) * 24), 1))) -> 26.5 | R9: =IF(ISNUMBER(SEARCH("Complete", H9)), 1, 0) -> 0 | S9: Repaired by inhouse team
A10: 8 | B10: 46035 | C10: 0.76388889 | D10: Cafeteria | E10: Electrical & Power | F10: Cafeteria / Pantry | G10: Tuck shop DB earthing needs to be connected | H10: 🟡 Partial Breakdown (Machine Operational) | I10: N/A | J10: Inspected, serviced and restored to normal operation by In-House Team | K10: In-House Team | L10: Closed | M10: 46036 | N10: 0.75 | O10: =IF(ISBLANK(B10), 0, IF(ISNUMBER(SEARCH("Complete", H10)), IF(ISBLANK(M10), IF(L10="Closed", 4, ROUND(MAX(0, (NOW() - (B10 + IF(ISBLANK(C10), TIME(9,0,0), C10))) * 24), 1)), ROUND(MAX(0, ((M10 + IF(ISBLANK(N10), TIME(18,0,0), N10)) - (B10 + IF(ISBLANK(C10), TIME(9,0,0), C10))) * 24), 1)), 0)) -> 0 | P10: =ROUND(O10 / 24, 2) -> 0 | Q10: =IF(ISBLANK(B10), 0, IF(ISBLANK(M10), IF(L10="Closed", 4, ROUND(MAX(0, (NOW() - (B10 + IF(ISBLANK(C10), TIME(9,0,0), C10))) * 24), 1)), ROUND(MAX(0, ((M10 + IF(ISBLANK(N10), TIME(18,0,0), N10)) - (B10 + IF(ISBLANK(C10), TIME(9,0,0), C10))) * 24), 1))) -> 23.7 | R10: =IF(ISNUMBER(SEARCH("Complete", H10)), 1, 0) -> 0 | S10: Repaired by inhouse team
A11: 9 | B11: 46037 | C11: 0.375 | D11: RO Water System | E11: Water & Plumbing | F11: Social Hub 1 | G11: Social hub 1, RO Water TDS issue | H11: 🟡 Partial Breakdown (Machine Operational) | I11: 107240 | J11: OEM Vendor technician aligned, issue diagnosed & rectified | K11: Vendor / OEM | L11: Closed | M11: 46037 | N11: 0.75 | O11: =IF(ISBLANK(B11), 0, IF(ISNUMBER(SEARCH("Complete", H11)), IF(ISBLANK(M11), IF(L11="Closed", 4, ROUND(MAX(0, (NOW() - (B11 + IF(ISBLANK(C11), TIME(9,0,0), C11))) * 24), 1)), ROUND(MAX(0, ((M11 + IF(ISBLANK(N11), TIME(18,0,0), N11)) - (B11 + IF(ISBLANK(C11), TIME(9,0,0), C11))) * 24), 1)), 0)) -> 0 | P11: =ROUND(O11 / 24, 2) -> 0 | Q11: =IF(ISBLANK(B11), 0, IF(ISBLANK(M11), IF(L11="Closed", 4, ROUND(MAX(0, (NOW() - (B11 + IF(ISBLANK(C11), TIME(9,0,0), C11))) * 24), 1)), ROUND(MAX(0, ((M11 + IF(ISBLANK(N11), TIME(18,0,0), N11)) - (B11 + IF(ISBLANK(C11), TIME(9,0,0), C11))) * 24), 1))) -> 9 | R11: =IF(ISNUMBER(SEARCH("Complete", H11)), 1, 0) -> 0 | S11: Vendor
A12: 10 | B12: 46037 | C12: 0.375 | D12: RO Water System | E12: Water & Plumbing | F12: Zone 2 Floor | G12: Zone -2, RO Water TDS issue | H12: 🟡 Partial Breakdown (Machine Operational) | I12: 107342 | J12: OEM Vendor technician aligned, issue diagnosed & rectified | K12: Vendor / OEM | L12: Closed | M12: 46037 | N12: 0.75 | O12: =IF(ISBLANK(B12), 0, IF(ISNUMBER(SEARCH("Complete", H12)), IF(ISBLANK(M12), IF(L12="Closed", 4, ROUND(MAX(0, (NOW() - (B12 + IF(ISBLANK(C12), TIME(9,0,0), C12))) * 24), 1)), ROUND(MAX(0, ((M12 + IF(ISBLANK(N12), TIME(18,0,0), N12)) - (B12 + IF(ISBLANK(C12), TIME(9,0,0), C12))) * 24), 1)), 0)) -> 0 | P12: =ROUND(O12 / 24, 2) -> 0 | Q12: =IF(ISBLANK(B12), 0, IF(ISBLANK(M12), IF(L12="Closed", 4, ROUND(MAX(0, (NOW() - (B12 + IF(ISBLANK(C12), TIME(9,0,0), C12))) * 24), 1)), ROUND(MAX(0, ((M12 + IF(ISBLANK(N12), TIME(18,0,0), N12)) - (B12 + IF(ISBLANK(C12), TIME(9,0,0), C12))) * 24), 1))) -> 9 | R12: =IF(ISNUMBER(SEARCH("Complete", H12)), 1, 0) -> 0 | S12: Vendor
A13: 11 | B13: 46039 | C13: 0.44444444 | D13: Hydraulic Table Motor | E13: Electrical & Power | F13: Zone A - Workstation Floor | G13: Zone A, W/S 033 Hydraulic Table Remote issue | H13: 🟡 Partial Breakdown (Machine Operational) | I13: N/A | J13: Inspected, serviced and restored to normal operation by In-House Team | K13: In-House Team | L13: Closed | M13: 46039 | N13: 0.75 | O13: =IF(ISBLANK(B13), 0, IF(ISNUMBER(SEARCH("Complete", H13)), IF(ISBLANK(M13), IF(L13="Closed", 4, ROUND(MAX(0, (NOW() - (B13 + IF(ISBLANK(C13), TIME(9,0,0), C13))) * 24), 1)), ROUND(MAX(0, ((M13 + IF(ISBLANK(N13), TIME(18,0,0), N13)) - (B13 + IF(ISBLANK(C13), TIME(9,0,0), C13))) * 24), 1)), 0)) -> 0 | P13: =ROUND(O13 / 24, 2) -> 0 | Q13: =IF(ISBLANK(B13), 0, IF(ISBLANK(M13), IF(L13="Closed", 4, ROUND(MAX(0, (NOW() - (B13 + IF(ISBLANK(C13), TIME(9,0,0), C13))) * 24), 1)), ROUND(MAX(0, ((M13 + IF(ISBLANK(N13), TIME(18,0,0), N13)) - (B13 + IF(ISBLANK(C13), TIME(9,0,0), C13))) * 24), 1))) -> 7.3 | R13: =IF(ISNUMBER(SEARCH("Complete", H13)), 1, 0) -> 0 | S13: Standard Resolution
A14: 12 | B14: 46039 | C14: 0.475 | D14: Geyser / Water Heater | E14: Water & Plumbing | F14: Zone E - Male Washroom | G14: Zone - E, male Washroom Leakage issue | H14: 🟡 Partial Breakdown (Machine Operational) | I14: N/A | J14: Inspected, serviced and restored to normal operation by In-House Team | K14: In-House Team | L14: Closed | M14: 46039 | N14: 0.75 | O14: =IF(ISBLANK(B14), 0, IF(ISNUMBER(SEARCH("Complete", H14)), IF(ISBLANK(M14), IF(L14="Closed", 4, ROUND(MAX(0, (NOW() - (B14 + IF(ISBLANK(C14), TIME(9,0,0), C14))) * 24), 1)), ROUND(MAX(0, ((M14 + IF(ISBLANK(N14), TIME(18,0,0), N14)) - (B14 + IF(ISBLANK(C14), TIME(9,0,0), C14))) * 24), 1)), 0)) -> 0 | P14: =ROUND(O14 / 24, 2) -> 0 | Q14: =IF(ISBLANK(B14), 0, IF(ISBLANK(M14), IF(L14="Closed", 4, ROUND(MAX(0, (NOW() - (B14 + IF(ISBLANK(C14), TIME(9,0,0), C14))) * 24), 1)), ROUND(MAX(0, ((M14 + IF(ISBLANK(N14), TIME(18,0,0), N14)) - (B14 + IF(ISBLANK(C14), TIME(9,0,0), C14))) * 24), 1))) -> 6.6 | R14: =IF(ISNUMBER(SEARCH("Complete", H14)), 1, 0) -> 0 | S14: Repaired by inhouse team
... A57: 55 | B57: 46069 | C57: 0.75 | D57: Lighting Circuit / Fixture | E57: Electrical & Power | F57: Main Facility Floor | G57: Nab Logo Smps DB Cleaning And 1nos connector change | H57: 🟡 Partial Breakdown (Machine Operational) | I57: N/A | J57: Inspected, serviced and restored to normal operation by In-House Team | K57: In-House Team | L57: Closed | M57: 46069 | N57: 0.75 | O57: =IF(ISBLANK(B57), 0, IF(ISNUMBER(SEARCH("Complete", H57)), IF(ISBLANK(M57), IF(L57="Closed", 4, ROUND(MAX(0, (NOW() - (B57 + IF(ISBLANK(C57), TIME(9,0,0), C57))) * 24), 1)), ROUND(MAX(0, ((M57 + IF(ISBLANK(N57), TIME(18,0,0), N57)) - (B57 + IF(ISBLANK(C57), TIME(9,0,0), C57))) * 24), 1)), 0)) -> 0 | P57: =ROUND(O57 / 24, 2) -> 0 | Q57: =IF(ISBLANK(B57), 0, IF(ISBLANK(M57), IF(L57="Closed", 4, ROUND(MAX(0, (NOW() - (B57 + IF(ISBLANK(C57), TIME(9,0,0), C57))) * 24), 1)), ROUND(MAX(0, ((M57 + IF(ISBLANK(N57), TIME(18,0,0), N57)) - (B57 + IF(ISBLANK(C57), TIME(9,0,0), C57))) * 24), 1))) -> 0 | R57: =IF(ISNUMBER(SEARCH("Complete", H57)), 1, 0) -> 0 | S57: Repaired by inhouse team
A58: 56 | B58: 46071 | C58: 0.57777778 | D58: Microwave Oven | E58: Cafeteria Equipment | F58: Cafeteria / Pantry | G58: Cafeteria microwave not working needs to be checked | H58: 🔴 Complete Breakdown (Full Downtime) | I58: N/A | J58: Investigation in progress; technician / spare parts aligned | K58: In-House Team | L58: In Progress (WIP) | O58: =IF(ISBLANK(B58), 0, IF(ISNUMBER(SEARCH("Complete", H58)), IF(ISBLANK(M58), IF(L58="Closed", 4, ROUND(MAX(0, (NOW() - (B58 + IF(ISBLANK(C58), TIME(9,0,0), C58))) * 24), 1)), ROUND(MAX(0, ((M58 + IF(ISBLANK(N58), TIME(18,0,0), N58)) - (B58 + IF(ISBLANK(C58), TIME(9,0,0), C58))) * 24), 1)), 0)) -> 4372.1 | P58: =ROUND(O58 / 24, 2) -> 182.17 | Q58: =IF(ISBLANK(B58), 0, IF(ISBLANK(M58), IF(L58="Closed", 4, ROUND(MAX(0, (NOW() - (B58 + IF(ISBLANK(C58), TIME(9,0,0), C58))) * 24), 1)), ROUND(MAX(0, ((M58 + IF(ISBLANK(N58), TIME(18,0,0), N58)) - (B58 + IF(ISBLANK(C58), TIME(9,0,0), C58))) * 24), 1))) -> 4372.1 | R58: =IF(ISNUMBER(SEARCH("Complete", H58)), 1, 0) -> 1 | S58: Standard Resolution
A59: 57 | B59: 46072 | C59: 0.8125 | D59: Coffee / Tea Dispenser | E59: Cafeteria Equipment | F59: Cafeteria / Pantry | G59: Cafeteria ccd machine not working needs to be checked | H59: 🔴 Complete Breakdown (Full Downtime) | I59: N/A | J59: OEM Vendor technician aligned, issue diagnosed & rectified | K59: Vendor / OEM | L59: Closed | M59: 46072 | N59: 0.75 | O59: =IF(ISBLANK(B59), 0, IF(ISNUMBER(SEARCH("Complete", H59)), IF(ISBLANK(M59), IF(L59="Closed", 4, ROUND(MAX(0, (NOW() - (B59 + IF(ISBLANK(C59), TIME(9,0,0), C59))) * 24), 1)), ROUND(MAX(0, ((M59 + IF(ISBLANK(N59), TIME(18,0,0), N59)) - (B59 + IF(ISBLANK(C59), TIME(9,0,0), C59))) * 24), 1)), 0)) -> 0 | P59: =ROUND(O59 / 24, 2) -> 0 | Q59: =IF(ISBLANK(B59), 0, IF(ISBLANK(M59), IF(L59="Closed", 4, ROUND(MAX(0, (NOW() - (B59 + IF(ISBLANK(C59), TIME(9,0,0), C59))) * 24), 1)), ROUND(MAX(0, ((M59 + IF(ISBLANK(N59), TIME(18,0,0), N59)) - (B59 + IF(ISBLANK(C59), TIME(9,0,0), C59))) * 24), 1))) -> 0 | R59: =IF(ISNUMBER(SEARCH("Complete", H59)), 1, 0) -> 1 | S59: Vendor
A60: 58 | B60: 46073 | C60: 0.056944444 | D60: Drainage / Sump Pump | E60: Water & Plumbing | F60: Cafeteria / Pantry | G60: Cafeteria Island , sum pump issue | H60: 🟡 Partial Breakdown (Machine Operational) | I60: N\A | J60: Inspected, serviced and restored to normal operation by In-House Team | K60: In-House Team | L60: Closed | M60: 46086 | N60: 0.75 | O60: =IF(ISBLANK(B60), 0, IF(ISNUMBER(SEARCH("Complete", H60)), IF(ISBLANK(M60), IF(L60="Closed", 4, ROUND(MAX(0, (NOW() - (B60 + IF(ISBLANK(C60), TIME(9,0,0), C60))) * 24), 1)), ROUND(MAX(0, ((M60 + IF(ISBLANK(N60), TIME(18,0,0), N60)) - (B60 + IF(ISBLANK(C60), TIME(9,0,0), C60))) * 24), 1)), 0)) -> 0 | P60: =ROUND(O60 / 24, 2) -> 0 | Q60: =IF(ISBLANK(B60), 0, IF(ISBLANK(M60), IF(L60="Closed", 4, ROUND(MAX(0, (NOW() - (B60 + IF(ISBLANK(C60), TIME(9,0,0), C60))) * 24), 1)), ROUND(MAX(0, ((M60 + IF(ISBLANK(N60), TIME(18,0,0), N60)) - (B60 + IF(ISBLANK(C60), TIME(9,0,0), C60))) * 24), 1))) -> 328.6 | R60: =IF(ISNUMBER(SEARCH("Complete", H60)), 1, 0) -> 0 | S60: Standard Resolution
A61: 59 | B61: 46073 | C61: 0.73263889 | D61: CSU (Ceiling Suspended Unit) | E61: Cafeteria Equipment | F61: Cafeteria / Pantry | G61: Dishwash, CSU Drain line Blockage issue | H61: 🟡 Partial Breakdown (Machine Operational) | I61: N\A | J61: OEM Vendor technician aligned, issue diagnosed & rectified | K61: Vendor / OEM | L61: Closed | M61: 46075 | N61: 0.75 | O61: =IF(ISBLANK(B61), 0, IF(ISNUMBER(SEARCH("Complete", H61)), IF(ISBLANK(M61), IF(L61="Closed", 4, ROUND(MAX(0, (NOW() - (B61 + IF(ISBLANK(C61), TIME(9,0,0), C61))) * 24), 1)), ROUND(MAX(0, ((M61 + IF(ISBLANK(N61), TIME(18,0,0), N61)) - (B61 + IF(ISBLANK(C61), TIME(9,0,0), C61))) * 24), 1)), 0)) -> 0 | P61: =ROUND(O61 / 24, 2) -> 0 | Q61: =IF(ISBLANK(B61), 0, IF(ISBLANK(M61), IF(L61="Closed", 4, ROUND(MAX(0, (NOW() - (B61 + IF(ISBLANK(C61), TIME(9,0,0), C61))) * 24), 1)), ROUND(MAX(0, ((M61 + IF(ISBLANK(N61), TIME(18,0,0), N61)) - (B61 + IF(ISBLANK(C61), TIME(9,0,0), C61))) * 24), 1))) -> 48.4 | R61: =IF(ISNUMBER(SEARCH("Complete", H61)), 1, 0) -> 0 | S61: Resolved By Vendor
A62: 60 | B62: 46074 | C62: 0.29166667 | D62: Zip Tap | E62: Water & Plumbing | F62: Cafeteria / Pantry | G62: Cafeteria, Pantry Zip Tap display issue | H62: 🟡 Partial Breakdown (Machine Operational) | I62: N\A | J62: OEM Vendor technician aligned, issue diagnosed & rectified | K62: Vendor / OEM | L62: Closed | M62: 46074 | N62: 0.75 | O62: =IF(ISBLANK(B62), 0, IF(ISNUMBER(SEARCH("Complete", H62)), IF(ISBLANK(M62), IF(L62="Closed", 4, ROUND(MAX(0, (NOW() - (B62 + IF(ISBLANK(C62), TIME(9,0,0), C62))) * 24), 1)), ROUND(MAX(0, ((M62 + IF(ISBLANK(N62), TIME(18,0,0), N62)) - (B62 + IF(ISBLANK(C62), TIME(9,0,0), C62))) * 24), 1)), 0)) -> 0 | P62: =ROUND(O62 / 24, 2) -> 0 | Q62: =IF(ISBLANK(B62), 0, IF(ISBLANK(M62), IF(L62="Closed", 4, ROUND(MAX(0, (NOW() - (B62 + IF(ISBLANK(C62), TIME(9,0,0), C62))) * 24), 1)), ROUND(MAX(0, ((M62 + IF(ISBLANK(N62), TIME(18,0,0), N62)) - (B62 + IF(ISBLANK(C62), TIME(9,0,0), C62))) * 24), 1))) -> 11 | R62: =IF(ISNUMBER(SEARCH("Complete", H62)), 1, 0) -> 0 | S62: Resolved By Vendor
A63: 61 | B63: 46074 | C63: 0.48333333 | D63: Fire / Heat Detector | E63: Fire, Safety & BMS | F63: Main Facility Floor | G63: Heat Detector issue | H63: 🟡 Partial Breakdown (Machine Operational) | I63: N\A | J63: OEM Vendor technician aligned, issue diagnosed & rectified | K63: Vendor / OEM | L63: Closed | M63: 46075 | N63: 0.75 | O63: =IF(ISBLANK(B63), 0, IF(ISNUMBER(SEARCH("Complete", H63)), IF(ISBLANK(M63), IF(L63="Closed", 4, ROUND(MAX(0, (NOW() - (B63 + IF(ISBLANK(C63), TIME(9,0,0), C63))) * 24), 1)), ROUND(MAX(0, ((M63 + IF(ISBLANK(N63), TIME(18,0,0), N63)) - (B63 + IF(ISBLANK(C63), TIME(9,0,0), C63))) * 24), 1)), 0)) -> 0 | P63: =ROUND(O63 / 24, 2) -> 0 | Q63: =IF(ISBLANK(B63), 0, IF(ISBLANK(M63), IF(L63="Closed", 4, ROUND(MAX(0, (NOW() - (B63 + IF(ISBLANK(C63), TIME(9,0,0), C63))) * 24), 1)), ROUND(MAX(0, ((M63 + IF(ISBLANK(N63), TIME(18,0,0), N63)) - (B63 + IF(ISBLANK(C63), TIME(9,0,0), C63))) * 24), 1))) -> 30.4 | R63: =IF(ISNUMBER(SEARCH("Complete", H63)), 1, 0) -> 0 | S63: Resolved By Vendor
A64: 62 | B64: 46076 | C64: 0.65347222 | D64: Soap Dispenser | E64: Water & Plumbing | F64: Zone E - Male Washroom | G64: Zone -E, Female washroom nos-1, soap dispenser issue | H64: 🟡 Partial Breakdown (Machine Operational) | I64: N/A | J64: Inspected, serviced and restored to normal operation by In-House Team | K64: In-House Team | L64: Closed | M64: 46076 | N64: 0.75 | O64: =IF(ISBLANK(B64), 0, IF(ISNUMBER(SEARCH("Complete", H64)), IF(ISBLANK(M64), IF(L64="Closed", 4, ROUND(MAX(0, (NOW() - (B64 + IF(ISBLANK(C64), TIME(9,0,0), C64))) * 24), 1)), ROUND(MAX(0, ((M64 + IF(ISBLANK(N64), TIME(18,0,0), N64)) - (B64 + IF(ISBLANK(C64), TIME(9,0,0), C64))) * 24), 1)), 0)) -> 0 | P64: =ROUND(O64 / 24, 2) -> 0 | Q64: =IF(ISBLANK(B64), 0, IF(ISBLANK(M64), IF(L64="Closed", 4, ROUND(MAX(0, (NOW() - (B64 + IF(ISBLANK(C64), TIME(9,0,0), C64))) * 24), 1)), ROUND(MAX(0, ((M64 + IF(ISBLANK(N64), TIME(18,0,0), N64)) - (B64 + IF(ISBLANK(C64), TIME(9,0,0), C64))) * 24), 1))) -> 2.3 | R64: =IF(ISNUMBER(SEARCH("Complete", H64)), 1, 0) -> 0 | S64: Repaired by inhouse team
A65: 63 | B65: 46076 | C65: 0.84375 | D65: Exhaust / Inline Fan | E65: HVAC & Cooling | F65: Cafeteria / Pantry | G65: Cafeteria, Dish wash Fan noise issue | H65: 🟡 Partial Breakdown (Machine Operational) | I65: N/A | J65: Inspected, serviced and restored to normal operation by In-House Team | K65: In-House Team | L65: Closed | M65: 46076 | N65: 0.75 | O65: =IF(ISBLANK(B65), 0, IF(ISNUMBER(SEARCH("Complete", H65)), IF(ISBLANK(M65), IF(L65="Closed", 4, ROUND(MAX(0, (NOW() - (B65 + IF(ISBLANK(C65), TIME(9,0,0), C65))) * 24), 1)), ROUND(MAX(0, ((M65 + IF(ISBLANK(N65), TIME(18,0,0), N65)) - (B65 + IF(ISBLANK(C65), TIME(9,0,0), C65))) * 24), 1)), 0)) -> 0 | P65: =ROUND(O65 / 24, 2) -> 0 | Q65: =IF(ISBLANK(B65), 0, IF(ISBLANK(M65), IF(L65="Closed", 4, ROUND(MAX(0, (NOW() - (B65 + IF(ISBLANK(C65), TIME(9,0,0), C65))) * 24), 1)), ROUND(MAX(0, ((M65 + IF(ISBLANK(N65), TIME(18,0,0), N65)) - (B65 + IF(ISBLANK(C65), TIME(9,0,0), C65))) * 24), 1))) -> 0 | R65: =IF(ISNUMBER(SEARCH("Complete", H65)), 1, 0) -> 0 | S65: Repaired by inhouse team
A66: 64 | B66: 46077 | C66: 0.32847222 | D66: Door Closer / Auto Mechanism | E66: Doors & Access Gates | F66: Zone B - Male Washroom | G66: Zone - B, Male washroom Door Need to repair | H66: 🟡 Partial Breakdown (Machine Operational) | I66: N/A | J66: Door closer Change by inhouse team | K66: In-House Team | L66: Closed | M66: 46077 | N66: 0.75 | O66: =IF(ISBLANK(B66), 0, IF(ISNUMBER(SEARCH("Complete", H66)), IF(ISBLANK(M66), IF(L66="Closed", 4, ROUND(MAX(0, (NOW() - (B66 + IF(ISBLANK(C66), TIME(9,0,0), C66))) * 24), 1)), ROUND(MAX(0, ((M66 + IF(ISBLANK(N66), TIME(18,0,0), N66)) - (B66 + IF(ISBLANK(C66), TIME(9,0,0), C66))) * 24), 1)), 0)) -> 0 | P66: =ROUND(O66 / 24, 2) -> 0 | Q66: =IF(ISBLANK(B66), 0, IF(ISBLANK(M66), IF(L66="Closed", 4, ROUND(MAX(0, (NOW() - (B66 + IF(ISBLANK(C66), TIME(9,0,0), C66))) * 24), 1)), ROUND(MAX(0, ((M66 + IF(ISBLANK(N66), TIME(18,0,0), N66)) - (B66 + IF(ISBLANK(C66), TIME(9,0,0), C66))) * 24), 1))) -> 10.1 | R66: =IF(ISNUMBER(SEARCH("Complete", H66)), 1, 0) -> 0 | S66: Door closer Change by inhouse team
A67: 65 | B67: 46077 | C67: 0.42361111 | D67: VAV (Variable Air Volume) | E67: HVAC & Cooling | F67: Main Facility Floor | G67: IT Build room VAV issue | H67: 🟡 Partial Breakdown (Machine Operational) | I67: N/A | J67: Resolved inhouse team | K67: In-House Team | L67: Closed | M67: 46077 | N67: 0.75 | O67: =IF(ISBLANK(B67), 0, IF(ISNUMBER(SEARCH("Complete", H67)), IF(ISBLANK(M67), IF(L67="Closed", 4, ROUND(MAX(0, (NOW() - (B67 + IF(ISBLANK(C67), TIME(9,0,0), C67))) * 24), 1)), ROUND(MAX(0, ((M67 + IF(ISBLANK(N67), TIME(18,0,0), N67)) - (B67 + IF(ISBLANK(C67), TIME(9,0,0), C67))) * 24), 1)), 0)) -> 0 | P67: =ROUND(O67 / 24, 2) -> 0 | Q67: =IF(ISBLANK(B67), 0, IF(ISBLANK(M67), IF(L67="Closed", 4, ROUND(MAX(0, (NOW() - (B67 + IF(ISBLANK(C67), TIME(9,0,0), C67))) * 24), 1)), ROUND(MAX(0, ((M67 + IF(ISBLANK(N67), TIME(18,0,0), N67)) - (B67 + IF(ISBLANK(C67), TIME(9,0,0), C67))) * 24), 1))) -> 7.8 | R67: =IF(ISNUMBER(SEARCH("Complete", H67)), 1, 0) -> 0 | S67: Resolved inhouse team
A68: 66 | B68: 46077 | C68: 0.57777778 | D68: Zip Tap | E68: Water & Plumbing | F68: Cafeteria / Pantry | G68: Cafeteria, Pantry Zip Tap display issue | H68: 🟡 Partial Breakdown (Machine Operational) | I68: 121483 | J68: OEM Vendor technician aligned, issue diagnosed & rectified | K68: Vendor / OEM | L68: Closed | M68: 46078 | N68: 0.75 | O68: =IF(ISBLANK(B68), 0, IF(ISNUMBER(SEARCH("Complete", H68)), IF(ISBLANK(M68), IF(L68="Closed", 4, ROUND(MAX(0, (NOW() - (B68 + IF(ISBLANK(C68), TIME(9,0,0), C68))) * 24), 1)), ROUND(MAX(0, ((M68 + IF(ISBLANK(N68), TIME(18,0,0), N68)) - (B68 + IF(ISBLANK(C68), TIME(9,0,0), C68))) * 24), 1)), 0)) -> 0 | P68: =ROUND(O68 / 24, 2) -> 0 | Q68: =IF(ISBLANK(B68), 0, IF(ISBLANK(M68), IF(L68="Closed", 4, ROUND(MAX(0, (NOW() - (B68 + IF(ISBLANK(C68), TIME(9,0,0), C68))) * 24), 1)), ROUND(MAX(0, ((M68 + IF(ISBLANK(N68), TIME(18,0,0), N68)) - (B68 + IF(ISBLANK(C68), TIME(9,0,0), C68))) * 24), 1))) -> 28.1 | R68: =IF(ISNUMBER(SEARCH("Complete", H68)), 1, 0) -> 0 | S68: Resolved By Vendor
A69: 67 | B69: 46078 | C69: 0.72013889 | D69: HRT Paper Dispenser | E69: Water & Plumbing | F69: Zone B - Male Washroom | G69: Zone B , female washroom HRT Dispenser issue | H69: 🟡 Partial Breakdown (Machine Operational) | I69: N/A | J69: Inspected, serviced and restored to normal operation by In-House Team | K69: In-House Team | L69: Closed | M69: 46078 | N69: 0.75 | O69: =IF(ISBLANK(B69), 0, IF(ISNUMBER(SEARCH("Complete", H69)), IF(ISBLANK(M69), IF(L69="Closed", 4, ROUND(MAX(0, (NOW() - (B69 + IF(ISBLANK(C69), TIME(9,0,0), C69))) * 24), 1)), ROUND(MAX(0, ((M69 + IF(ISBLANK(N69), TIME(18,0,0), N69)) - (B69 + IF(ISBLANK(C69), TIME(9,0,0), C69))) * 24), 1)), 0)) -> 0 | P69: =ROUND(O69 / 24, 2) -> 0 | Q69: =IF(ISBLANK(B69), 0, IF(ISBLANK(M69), IF(L69="Closed", 4, ROUND(MAX(0, (NOW() - (B69 + IF(ISBLANK(C69), TIME(9,0,0), C69))) * 24), 1)), ROUND(MAX(0, ((M69 + IF(ISBLANK(N69), TIME(18,0,0), N69)) - (B69 + IF(ISBLANK(C69), TIME(9,0,0), C69))) * 24), 1))) -> 0.7 | R69: =IF(ISNUMBER(SEARCH("Complete", H69)), 1, 0) -> 0 | S69: Repaired by inhouse team
A70: 68 | B70: 46078 | C70: 0.76666667 | D70: Door Closer / Auto Mechanism | E70: Doors & Access Gates | F70: Zone E - Male Washroom | G70: Zone - E, Male washroom Door Need to repair | H70: 🟡 Partial Breakdown (Machine Operational) | I70: N/A | J70: Door closer Change by inhouse team | K70: In-House Team | L70: Closed | M70: 46078 | N70: 0.75 | O70: =IF(ISBLANK(B70), 0, IF(ISNUMBER(SEARCH("Complete", H70)), IF(ISBLANK(M70), IF(L70="Closed", 4, ROUND(MAX(0, (NOW() - (B70 + IF(ISBLANK(C70), TIME(9,0,0), C70))) * 24), 1)), ROUND(MAX(0, ((M70 + IF(ISBLANK(N70), TIME(18,0,0), N70)) - (B70 + IF(ISBLANK(C70), TIME(9,0,0), C70))) * 24), 1)), 0)) -> 0 | P70: =ROUND(O70 / 24, 2) -> 0 | Q70: =IF(ISBLANK(B70), 0, IF(ISBLANK(M70), IF(L70="Closed", 4, ROUND(MAX(0, (NOW() - (B70 + IF(ISBLANK(C70), TIME(9,0,0), C70))) * 24), 1)), ROUND(MAX(0, ((M70 + IF(ISBLANK(N70), TIME(18,0,0), N70)) - (B70 + IF(ISBLANK(C70), TIME(9,0,0), C70))) * 24), 1))) -> 0 | R70: =IF(ISNUMBER(SEARCH("Complete", H70)), 1, 0) -> 0 | S70: Door closer Change by inhouse team
... A77: 75 | B77: 46084 | C77: 0.76388889 | D77: Drainage / Sump Pump | E77: Water & Plumbing | F77: Cafeteria / Pantry | G77: Cafeteria, pantry store drain line blockage issue | H77: 🟡 Partial Breakdown (Machine Operational) | I77: N/A | J77: Inspected, serviced and restored to normal operation by In-House Team | K77: In-House Team | L77: Closed | M77: 46086 | N77: 0.75 | O77: =IF(ISBLANK(B77), 0, IF(ISNUMBER(SEARCH("Complete", H77)), IF(ISBLANK(M77), IF(L77="Closed", 4, ROUND(MAX(0, (NOW() - (B77 + IF(ISBLANK(C77), TIME(9,0,0), C77))) * 24), 1)), ROUND(MAX(0, ((M77 + IF(ISBLANK(N77), TIME(18,0,0), N77)) - (B77 + IF(ISBLANK(C77), TIME(9,0,0), C77))) * 24), 1)), 0)) -> 0 | P77: =ROUND(O77 / 24, 2) -> 0 | Q77: =IF(ISBLANK(B77), 0, IF(ISBLANK(M77), IF(L77="Closed", 4, ROUND(MAX(0, (NOW() - (B77 + IF(ISBLANK(C77), TIME(9,0,0), C77))) * 24), 1)), ROUND(MAX(0, ((M77 + IF(ISBLANK(N77), TIME(18,0,0), N77)) - (B77 + IF(ISBLANK(C77), TIME(9,0,0), C77))) * 24), 1))) -> 47.7 | R77: =IF(ISNUMBER(SEARCH("Complete", H77)), 1, 0) -> 0 | S77: Repaired by inhouse team
A78: 76 | B78: 46086 | C78: 0.57638889 | D78: Framery / Phone Booth Pod | E78: Electrical & Power | F78: Zone E - Workstation Floor | G78: Zone - E, Near W/s 599, POD Hydraulic Table issue | H78: 🟡 Partial Breakdown (Machine Operational) | I78: N/A | J78: Investigation in progress; technician / spare parts aligned | K78: In-House Team | L78: In Progress (WIP) | O78: =IF(ISBLANK(B78), 0, IF(ISNUMBER(SEARCH("Complete", H78)), IF(ISBLANK(M78), IF(L78="Closed", 4, ROUND(MAX(0, (NOW() - (B78 + IF(ISBLANK(C78), TIME(9,0,0), C78))) * 24), 1)), ROUND(MAX(0, ((M78 + IF(ISBLANK(N78), TIME(18,0,0), N78)) - (B78 + IF(ISBLANK(C78), TIME(9,0,0), C78))) * 24), 1)), 0)) -> 0 | P78: =ROUND(O78 / 24, 2) -> 0 | Q78: =IF(ISBLANK(B78), 0, IF(ISBLANK(M78), IF(L78="Closed", 4, ROUND(MAX(0, (NOW() - (B78 + IF(ISBLANK(C78), TIME(9,0,0), C78))) * 24), 1)), ROUND(MAX(0, ((M78 + IF(ISBLANK(N78), TIME(18,0,0), N78)) - (B78 + IF(ISBLANK(C78), TIME(9,0,0), C78))) * 24), 1))) -> 4012.1 | R78: =IF(ISNUMBER(SEARCH("Complete", H78)), 1, 0) -> 0 | S78: Standard Resolution
A79: 77 | B79: 46087 | C79: 0.84652778 | D79: Zip Tap | E79: Water & Plumbing | F79: Cafeteria / Pantry | G79: Cafeteria Zip tap joint flexible drain pipe leakege issue | H79: 🟡 Partial Breakdown (Machine Operational) | I79: N/A | J79: OEM Vendor technician aligned, issue diagnosed & rectified | K79: Vendor / OEM | L79: Closed | M79: 46087 | N79: 0.75 | O79: =IF(ISBLANK(B79), 0, IF(ISNUMBER(SEARCH("Complete", H79)), IF(ISBLANK(M79), IF(L79="Closed", 4, ROUND(MAX(0, (NOW() - (B79 + IF(ISBLANK(C79), TIME(9,0,0), C79))) * 24), 1)), ROUND(MAX(0, ((M79 + IF(ISBLANK(N79), TIME(18,0,0), N79)) - (B79 + IF(ISBLANK(C79), TIME(9,0,0), C79))) * 24), 1)), 0)) -> 0 | P79: =ROUND(O79 / 24, 2) -> 0 | Q79: =IF(ISBLANK(B79), 0, IF(ISBLANK(M79), IF(L79="Closed", 4, ROUND(MAX(0, (NOW() - (B79 + IF(ISBLANK(C79), TIME(9,0,0), C79))) * 24), 1)), ROUND(MAX(0, ((M79 + IF(ISBLANK(N79), TIME(18,0,0), N79)) - (B79 + IF(ISBLANK(C79), TIME(9,0,0), C79))) * 24), 1))) -> 0 | R79: =IF(ISNUMBER(SEARCH("Complete", H79)), 1, 0) -> 0 | S79: Vendor
A80: 78 | B80: 46088 | C80: 0.41805556 | D80: RO Water System | E80: Water & Plumbing | F80: Reception Area | G80: Reception, RO sound issue | H80: 🟡 Partial Breakdown (Machine Operational) | I80: N/A | J80: OEM Vendor technician aligned, issue diagnosed & rectified | K80: Vendor / OEM | L80: Closed | M80: 46090 | N80: 0.75 | O80: =IF(ISBLANK(B80), 0, IF(ISNUMBER(SEARCH("Complete", H80)), IF(ISBLANK(M80), IF(L80="Closed", 4, ROUND(MAX(0, (NOW() - (B80 + IF(ISBLANK(C80), TIME(9,0,0), C80))) * 24), 1)), ROUND(MAX(0, ((M80 + IF(ISBLANK(N80), TIME(18,0,0), N80)) - (B80 + IF(ISBLANK(C80), TIME(9,0,0), C80))) * 24), 1)), 0)) -> 0 | P80: =ROUND(O80 / 24, 2) -> 0 | Q80: =IF(ISBLANK(B80), 0, IF(ISBLANK(M80), IF(L80="Closed", 4, ROUND(MAX(0, (NOW() - (B80 + IF(ISBLANK(C80), TIME(9,0,0), C80))) * 24), 1)), ROUND(MAX(0, ((M80 + IF(ISBLANK(N80), TIME(18,0,0), N80)) - (B80 + IF(ISBLANK(C80), TIME(9,0,0), C80))) * 24), 1))) -> 56 | R80: =IF(ISNUMBER(SEARCH("Complete", H80)), 1, 0) -> 0 | S80: Vendor
A81: 79 | B81: 46088 | C81: 0.59583333 | D81: Sanitary Fixture & WC Flush | E81: Water & Plumbing | F81: Zone B - Male Washroom | G81: Zone - B, Male washroom WC Flush plate change work | H81: 🟡 Partial Breakdown (Machine Operational) | I81: N/A | J81: Inspected, serviced and restored to normal operation by In-House Team | K81: In-House Team | L81: Closed | M81: 46088 | N81: 0.75 | O81: =IF(ISBLANK(B81), 0, IF(ISNUMBER(SEARCH("Complete", H81)), IF(ISBLANK(M81), IF(L81="Closed", 4, ROUND(MAX(0, (NOW() - (B81 + IF(ISBLANK(C81), TIME(9,0,0), C81))) * 24), 1)), ROUND(MAX(0, ((M81 + IF(ISBLANK(N81), TIME(18,0,0), N81)) - (B81 + IF(ISBLANK(C81), TIME(9,0,0), C81))) * 24), 1)), 0)) -> 0 | P81: =ROUND(O81 / 24, 2) -> 0 | Q81: =IF(ISBLANK(B81), 0, IF(ISBLANK(M81), IF(L81="Closed", 4, ROUND(MAX(0, (NOW() - (B81 + IF(ISBLANK(C81), TIME(9,0,0), C81))) * 24), 1)), ROUND(MAX(0, ((M81 + IF(ISBLANK(N81), TIME(18,0,0), N81)) - (B81 + IF(ISBLANK(C81), TIME(9,0,0), C81))) * 24), 1))) -> 3.7 | R81: =IF(ISNUMBER(SEARCH("Complete", H81)), 1, 0) -> 0 | S81: Repaired by inhouse team
A82: 80 | B82: 46090 | C82: 0.44236111 | D82: RO Water System | E82: Water & Plumbing | F82: Cafeteria / Pantry | G82: Cafeteria, pantry RO Sound issue | H82: 🟡 Partial Breakdown (Machine Operational) | I82: 124052 | J82: OEM Vendor technician aligned, issue diagnosed & rectified | K82: Vendor / OEM | L82: Closed | M82: 46090 | N82: 0.75 | O82: =IF(ISBLANK(B82), 0, IF(ISNUMBER(SEARCH("Complete", H82)), IF(ISBLANK(M82), IF(L82="Closed", 4, ROUND(MAX(0, (NOW() - (B82 + IF(ISBLANK(C82), TIME(9,0,0), C82))) * 24), 1)), ROUND(MAX(0, ((M82 + IF(ISBLANK(N82), TIME(18,0,0), N82)) - (B82 + IF(ISBLANK(C82), TIME(9,0,0), C82))) * 24), 1)), 0)) -> 0 | P82: =ROUND(O82 / 24, 2) -> 0 | Q82: =IF(ISBLANK(B82), 0, IF(ISBLANK(M82), IF(L82="Closed", 4, ROUND(MAX(0, (NOW() - (B82 + IF(ISBLANK(C82), TIME(9,0,0), C82))) * 24), 1)), ROUND(MAX(0, ((M82 + IF(ISBLANK(N82), TIME(18,0,0), N82)) - (B82 + IF(ISBLANK(C82), TIME(9,0,0), C82))) * 24), 1))) -> 7.4 | R82: =IF(ISNUMBER(SEARCH("Complete", H82)), 1, 0) -> 0 | S82: Vendor
A83: 81 | B83: 46090 | C83: 0.44236111 | D83: Zip Tap | E83: Water & Plumbing | F83: Zone A - Social Hub | G83: Zone - A Social hub, RO Sound issue | H83: 🟡 Partial Breakdown (Machine Operational) | I83: 124055 | J83: OEM Vendor technician aligned, issue diagnosed & rectified | K83: Vendor / OEM | L83: Closed | M83: 46090 | N83: 0.75 | O83: =IF(ISBLANK(B83), 0, IF(ISNUMBER(SEARCH("Complete", H83)), IF(ISBLANK(M83), IF(L83="Closed", 4, ROUND(MAX(0, (NOW() - (B83 + IF(ISBLANK(C83), TIME(9,0,0), C83))) * 24), 1)), ROUND(MAX(0, ((M83 + IF(ISBLANK(N83), TIME(18,0,0), N83)) - (B83 + IF(ISBLANK(C83), TIME(9,0,0), C83))) * 24), 1)), 0)) -> 0 | P83: =ROUND(O83 / 24, 2) -> 0 | Q83: =IF(ISBLANK(B83), 0, IF(ISBLANK(M83), IF(L83="Closed", 4, ROUND(MAX(0, (NOW() - (B83 + IF(ISBLANK(C83), TIME(9,0,0), C83))) * 24), 1)), ROUND(MAX(0, ((M83 + IF(ISBLANK(N83), TIME(18,0,0), N83)) - (B83 + IF(ISBLANK(C83), TIME(9,0,0), C83))) * 24), 1))) -> 7.4 | R83: =IF(ISNUMBER(SEARCH("Complete", H83)), 1, 0) -> 0 | S83: Vendor
A84: 82 | B84: 46090 | C84: 0.44236111 | D84: Zip Tap | E84: Water & Plumbing | F84: Zone F - Social Hub | G84: Zone - F Social hub, RO Sound issue | H84: 🟡 Partial Breakdown (Machine Operational) | I84: 124056 | J84: OEM Vendor technician aligned, issue diagnosed & rectified | K84: Vendor / OEM | L84: Closed | M84: 46090 | N84: 0.75 | O84: =IF(ISBLANK(B84), 0, IF(ISNUMBER(SEARCH("Complete", H84)), IF(ISBLANK(M84), IF(L84="Closed", 4, ROUND(MAX(0, (NOW() - (B84 + IF(ISBLANK(C84), TIME(9,0,0), C84))) * 24), 1)), ROUND(MAX(0, ((M84 + IF(ISBLANK(N84), TIME(18,0,0), N84)) - (B84 + IF(ISBLANK(C84), TIME(9,0,0), C84))) * 24), 1)), 0)) -> 0 | P84: =ROUND(O84 / 24, 2) -> 0 | Q84: =IF(ISBLANK(B84), 0, IF(ISBLANK(M84), IF(L84="Closed", 4, ROUND(MAX(0, (NOW() - (B84 + IF(ISBLANK(C84), TIME(9,0,0), C84))) * 24), 1)), ROUND(MAX(0, ((M84 + IF(ISBLANK(N84), TIME(18,0,0), N84)) - (B84 + IF(ISBLANK(C84), TIME(9,0,0), C84))) * 24), 1))) -> 7.4 | R84: =IF(ISNUMBER(SEARCH("Complete", H84)), 1, 0) -> 0 | S84: Vendor
A85: 83 | B85: 46091 | C85: 0.25902778 | D85: Zip Tap | E85: Water & Plumbing | F85: Zone A - Social Hub | G85: Zone - A Social hub, RO Sensor issue | H85: 🟡 Partial Breakdown (Machine Operational) | I85: N/A | J85: Inspected, serviced and restored to normal operation by In-House Team | K85: In-House Team | L85: Closed | M85: 46091 | N85: 0.75 | O85: =IF(ISBLANK(B85), 0, IF(ISNUMBER(SEARCH("Complete", H85)), IF(ISBLANK(M85), IF(L85="Closed", 4, ROUND(MAX(0, (NOW() - (B85 + IF(ISBLANK(C85), TIME(9,0,0), C85))) * 24), 1)), ROUND(MAX(0, ((M85 + IF(ISBLANK(N85), TIME(18,0,0), N85)) - (B85 + IF(ISBLANK(C85), TIME(9,0,0), C85))) * 24), 1)), 0)) -> 0 | P85: =ROUND(O85 / 24, 2) -> 0 | Q85: =IF(ISBLANK(B85), 0, IF(ISBLANK(M85), IF(L85="Closed", 4, ROUND(MAX(0, (NOW() - (B85 + IF(ISBLANK(C85), TIME(9,0,0), C85))) * 24), 1)), ROUND(MAX(0, ((M85 + IF(ISBLANK(N85), TIME(18,0,0), N85)) - (B85 + IF(ISBLANK(C85), TIME(9,0,0), C85))) * 24), 1))) -> 11.8 | R85: =IF(ISNUMBER(SEARCH("Complete", H85)), 1, 0) -> 0 | S85: Repaired by inhouse team
A86: 84 | B86: 46091 | C86: 0.5 | D86: Zip Tap | E86: Water & Plumbing | F86: Cafeteria / Pantry | G86: Cafeteria, pantry Zip Tap Sensor issue | H86: 🟡 Partial Breakdown (Machine Operational) | I86: 123280 | J86: OEM Vendor technician aligned, issue diagnosed & rectified | K86: Vendor / OEM | L86: Closed | M86: 46091 | N86: 0.75 | O86: =IF(ISBLANK(B86), 0, IF(ISNUMBER(SEARCH("Complete", H86)), IF(ISBLANK(M86), IF(L86="Closed", 4, ROUND(MAX(0, (NOW() - (B86 + IF(ISBLANK(C86), TIME(9,0,0), C86))) * 24), 1)), ROUND(MAX(0, ((M86 + IF(ISBLANK(N86), TIME(18,0,0), N86)) - (B86 + IF(ISBLANK(C86), TIME(9,0,0), C86))) * 24), 1)), 0)) -> 0 | P86: =ROUND(O86 / 24, 2) -> 0 | Q86: =IF(ISBLANK(B86), 0, IF(ISBLANK(M86), IF(L86="Closed", 4, ROUND(MAX(0, (NOW() - (B86 + IF(ISBLANK(C86), TIME(9,0,0), C86))) * 24), 1)), ROUND(MAX(0, ((M86 + IF(ISBLANK(N86), TIME(18,0,0), N86)) - (B86 + IF(ISBLANK(C86), TIME(9,0,0), C86))) * 24), 1))) -> 6 | R86: =IF(ISNUMBER(SEARCH("Complete", H86)), 1, 0) -> 0 | S86: Vendor
A87: 85 | B87: 46092 | C87: 0.42291667 | D87: Refrigerator | E87: Cafeteria Equipment | F87: Cafeteria / Pantry | G87: Tuck Shop Fridge Sound issue | H87: 🟡 Partial Breakdown (Machine Operational) | I87: N/A | J87: Vendor By Fan moter change | K87: Vendor / OEM | L87: Closed | M87: 46092 | N87: 0.75 | O87: =IF(ISBLANK(B87), 0, IF(ISNUMBER(SEARCH("Complete", H87)), IF(ISBLANK(M87), IF(L87="Closed", 4, ROUND(MAX(0, (NOW() - (B87 + IF(ISBLANK(C87), TIME(9,0,0), C87))) * 24), 1)), ROUND(MAX(0, ((M87 + IF(ISBLANK(N87), TIME(18,0,0), N87)) - (B87 + IF(ISBLANK(C87), TIME(9,0,0), C87))) * 24), 1)), 0)) -> 0 | P87: =ROUND(O87 / 24, 2) -> 0 | Q87: =IF(ISBLANK(B87), 0, IF(ISBLANK(M87), IF(L87="Closed", 4, ROUND(MAX(0, (NOW() - (B87 + IF(ISBLANK(C87), TIME(9,0,0), C87))) * 24), 1)), ROUND(MAX(0, ((M87 + IF(ISBLANK(N87), TIME(18,0,0), N87)) - (B87 + IF(ISBLANK(C87), TIME(9,0,0), C87))) * 24), 1))) -> 7.8 | R87: =IF(ISNUMBER(SEARCH("Complete", H87)), 1, 0) -> 0 | S87: Vendor By Fan moter change
A88: 86 | B88: 46092 | C88: 0.61458333 | D88: Microwave Oven | E88: Cafeteria Equipment | F88: Main Facility Floor | G88: Microwave Heating issue | H88: 🟡 Partial Breakdown (Machine Operational) | I88: N/A | J88: Vendor By Pcb Card change | K88: Vendor / OEM | L88: Closed | M88: 46092 | N88: 0.75 | O88: =IF(ISBLANK(B88), 0, IF(ISNUMBER(SEARCH("Complete", H88)), IF(ISBLANK(M88), IF(L88="Closed", 4, ROUND(MAX(0, (NOW() - (B88 + IF(ISBLANK(C88), TIME(9,0,0), C88))) * 24), 1)), ROUND(MAX(0, ((M88 + IF(ISBLANK(N88), TIME(18,0,0), N88)) - (B88 + IF(ISBLANK(C88), TIME(9,0,0), C88))) * 24), 1)), 0)) -> 0 | P88: =ROUND(O88 / 24, 2) -> 0 | Q88: =IF(ISBLANK(B88), 0, IF(ISBLANK(M88), IF(L88="Closed", 4, ROUND(MAX(0, (NOW() - (B88 + IF(ISBLANK(C88), TIME(9,0,0), C88))) * 24), 1)), ROUND(MAX(0, ((M88 + IF(ISBLANK(N88), TIME(18,0,0), N88)) - (B88 + IF(ISBLANK(C88), TIME(9,0,0), C88))) * 24), 1))) -> 3.2 | R88: =IF(ISNUMBER(SEARCH("Complete", H88)), 1, 0) -> 0 | S88: Vendor By Pcb Card change
A89: 87 | B89: 46093 | C89: 0.68055556 | D89: Sensor Water Tap | E89: Water & Plumbing | F89: Zone E - Male Washroom | G89: Zone - E, Female Washroom Tap sensor issue | H89: 🟡 Partial Breakdown (Machine Operational) | I89: N/A | J89: Sensor Change by inhouse team | K89: In-House Team | L89: Closed | M89: 46093 | N89: 0.75 | O89: =IF(ISBLANK(B89), 0, IF(ISNUMBER(SEARCH("Complete", H89)), IF(ISBLANK(M89), IF(L89="Closed", 4, ROUND(MAX(0, (NOW() - (B89 + IF(ISBLANK(C89), TIME(9,0,0), C89))) * 24), 1)), ROUND(MAX(0, ((M89 + IF(ISBLANK(N89), TIME(18,0,0), N89)) - (B89 + IF(ISBLANK(C89), TIME(9,0,0), C89))) * 24), 1)), 0)) -> 0 | P89: =ROUND(O89 / 24, 2) -> 0 | Q89: =IF(ISBLANK(B89), 0, IF(ISBLANK(M89), IF(L89="Closed", 4, ROUND(MAX(0, (NOW() - (B89 + IF(ISBLANK(C89), TIME(9,0,0), C89))) * 24), 1)), ROUND(MAX(0, ((M89 + IF(ISBLANK(N89), TIME(18,0,0), N89)) - (B89 + IF(ISBLANK(C89), TIME(9,0,0), C89))) * 24), 1))) -> 1.7 | R89: =IF(ISNUMBER(SEARCH("Complete", H89)), 1, 0) -> 0 | S89: Sensor Change by inhouse team
A90: 88 | B90: 46093 | C90: 0.37291667 | D90: Shoe Shine Machine | E90: Electrical & Power | F90: Zone E - Male Washroom | G90: Zone - E, male washroom Shoe Shine machine Not Working | H90: 🔴 Complete Breakdown (Full Downtime) | I90: N/A | J90: Inspected, serviced and restored to normal operation by In-House Team | K90: In-House Team | L90: Closed | M90: 46093 | N90: 0.75 | O90: =IF(ISBLANK(B90), 0, IF(ISNUMBER(SEARCH("Complete", H90)), IF(ISBLANK(M90), IF(L90="Closed", 4, ROUND(MAX(0, (NOW() - (B90 + IF(ISBLANK(C90), TIME(9,0,0), C90))) * 24), 1)), ROUND(MAX(0, ((M90 + IF(ISBLANK(N90), TIME(18,0,0), N90)) - (B90 + IF(ISBLANK(C90), TIME(9,0,0), C90))) * 24), 1)), 0)) -> 9 | P90: =ROUND(O90 / 24, 2) -> 0.38 | Q90: =IF(ISBLANK(B90), 0, IF(ISBLANK(M90), IF(L90="Closed", 4, ROUND(MAX(0, (NOW() - (B90 + IF(ISBLANK(C90), TIME(9,0,0), C90))) * 24), 1)), ROUND(MAX(0, ((M90 + IF(ISBLANK(N90), TIME(18,0,0), N90)) - (B90 + IF(ISBLANK(C90), TIME(9,0,0), C90))) * 24), 1))) -> 9 | R90: =IF(ISNUMBER(SEARCH("Complete", H90)), 1, 0) -> 1 | S90: Repaired by inhouse team
A91: 89 | B91: 46094 | C91: 0.60833333 | D91: RO Water System | E91: Water & Plumbing | F91: Main Facility Floor | G91: RO Machine Water leakage issue | H91: 🟡 Partial Breakdown (Machine Operational) | I91: 124275 | J91: Resolve By Vendor | K91: Vendor / OEM | L91: Closed | M91: 46094 | N91: 0.75 | O91: =IF(ISBLANK(B91), 0, IF(ISNUMBER(SEARCH("Complete", H91)), IF(ISBLANK(M91), IF(L91="Closed", 4, ROUND(MAX(0, (NOW() - (B91 + IF(ISBLANK(C91), TIME(9,0,0), C91))) * 24), 1)), ROUND(MAX(0, ((M91 + IF(ISBLANK(N91), TIME(18,0,0), N91)) - (B91 + IF(ISBLANK(C91), TIME(9,0,0), C91))) * 24), 1)), 0)) -> 0 | P91: =ROUND(O91 / 24, 2) -> 0 | Q91: =IF(ISBLANK(B91), 0, IF(ISBLANK(M91), IF(L91="Closed", 4, ROUND(MAX(0, (NOW() - (B91 + IF(ISBLANK(C91), TIME(9,0,0), C91))) * 24), 1)), ROUND(MAX(0, ((M91 + IF(ISBLANK(N91), TIME(18,0,0), N91)) - (B91 + IF(ISBLANK(C91), TIME(9,0,0), C91))) * 24), 1))) -> 3.4 | R91: =IF(ISNUMBER(SEARCH("Complete", H91)), 1, 0) -> 0 | S91: Resolve By Vendor
A92: 90 | B92: 46094 | C92: 0.73333333 | D92: Framery / Phone Booth Pod | E92: Electrical & Power | F92: Zone E - Workstation Floor | G92: Zone E near W/S-598, Phone Booth Hydraulic table repair work | H92: 🟡 Partial Breakdown (Machine Operational) | I92: N/A | J92: Ticket logged; preliminary inspection scheduled | K92: Vendor / OEM | L92: Open | O92: =IF(ISBLANK(B92), 0, IF(ISNUMBER(SEARCH("Complete", H92)), IF(ISBLANK(M92), IF(L92="Closed", 4, ROUND(MAX(0, (NOW() - (B92 + IF(ISBLANK(C92), TIME(9,0,0), C92))) * 24), 1)), ROUND(MAX(0, ((M92 + IF(ISBLANK(N92), TIME(18,0,0), N92)) - (B92 + IF(ISBLANK(C92), TIME(9,0,0), C92))) * 24), 1)), 0)) -> 0 | P92: =ROUND(O92 / 24, 2) -> 0 | Q92: =IF(ISBLANK(B92), 0, IF(ISBLANK(M92), IF(L92="Closed", 4, ROUND(MAX(0, (NOW() - (B92 + IF(ISBLANK(C92), TIME(9,0,0), C92))) * 24), 1)), ROUND(MAX(0, ((M92 + IF(ISBLANK(N92), TIME(18,0,0), N92)) - (B92 + IF(ISBLANK(C92), TIME(9,0,0), C92))) * 24), 1))) -> 3816.3 | R92: =IF(ISNUMBER(SEARCH("Complete", H92)), 1, 0) -> 0 | S92: Vendor
A93: 91 | B93: 46097 | C93: 0.77847222 | D93: RO Water System | E93: Water & Plumbing | F93: Reception Area | G93: Reception RO Water TDS issue | H93: 🟡 Partial Breakdown (Machine Operational) | I93: N/A | J93: Vendor By Memorial Filter change | K93: Vendor / OEM | L93: Closed | M93: 46098 | N93: 0.75 | O93: =IF(ISBLANK(B93), 0, IF(ISNUMBER(SEARCH("Complete", H93)), IF(ISBLANK(M93), IF(L93="Closed", 4, ROUND(MAX(0, (NOW() - (B93 + IF(ISBLANK(C93), TIME(9,0,0), C93))) * 24), 1)), ROUND(MAX(0, ((M93 + IF(ISBLANK(N93), TIME(18,0,0), N93)) - (B93 + IF(ISBLANK(C93), TIME(9,0,0), C93))) * 24), 1)), 0)) -> 0 | P93: =ROUND(O93 / 24, 2) -> 0 | Q93: =IF(ISBLANK(B93), 0, IF(ISBLANK(M93), IF(L93="Closed", 4, ROUND(MAX(0, (NOW() - (B93 + IF(ISBLANK(C93), TIME(9,0,0), C93))) * 24), 1)), ROUND(MAX(0, ((M93 + IF(ISBLANK(N93), TIME(18,0,0), N93)) - (B93 + IF(ISBLANK(C93), TIME(9,0,0), C93))) * 24), 1))) -> 23.3 | R93: =IF(ISNUMBER(SEARCH("Complete", H93)), 1, 0) -> 0 | S93: Vendor By Memorial Filter change
A94: 92 | B94: 46097 | C94: 0.35208333 | D94: Washbasin & Bottle Trap | E94: Water & Plumbing | F94: Zone E - Male Washroom | G94: Zone - E, Male Washroom nos 1 Washbasin Bottle trap leakage issue | H94: 🟡 Partial Breakdown (Machine Operational) | I94: N/A | J94: Inspected, serviced and restored to normal operation by In-House Team | K94: In-House Team | L94: Closed | M94: 46097 | N94: 0.75 | O94: =IF(ISBLANK(B94), 0, IF(ISNUMBER(SEARCH("Complete", H94)), IF(ISBLANK(M94), IF(L94="Closed", 4, ROUND(MAX(0, (NOW() - (B94 + IF(ISBLANK(C94), TIME(9,0,0), C94))) * 24), 1)), ROUND(MAX(0, ((M94 + IF(ISBLANK(N94), TIME(18,0,0), N94)) - (B94 + IF(ISBLANK(C94), TIME(9,0,0), C94))) * 24), 1)), 0)) -> 0 | P94: =ROUND(O94 / 24, 2) -> 0 | Q94: =IF(ISBLANK(B94), 0, IF(ISBLANK(M94), IF(L94="Closed", 4, ROUND(MAX(0, (NOW() - (B94 + IF(ISBLANK(C94), TIME(9,0,0), C94))) * 24), 1)), ROUND(MAX(0, ((M94 + IF(ISBLANK(N94), TIME(18,0,0), N94)) - (B94 + IF(ISBLANK(C94), TIME(9,0,0), C94))) * 24), 1))) -> 9.6 | R94: =IF(ISNUMBER(SEARCH("Complete", H94)), 1, 0) -> 0 | S94: Repaired by inhouse team
A95: 93 | B95: 46098 | C95: 0.70972222 | D95: Sanitary Fixture & WC Flush | E95: Water & Plumbing | F95: Zone E - Male Washroom | G95: Zone - E, Female washroom WC Flush Stuck | H95: 🟡 Partial Breakdown (Machine Operational) | I95: N/A | J95: Resolve By inhouse Team | K95: In-House Team | L95: Closed | M95: 46098 | N95: 0.75 | O95: =IF(ISBLANK(B95), 0, IF(ISNUMBER(SEARCH("Complete", H95)), IF(ISBLANK(M95), IF(L95="Closed", 4, ROUND(MAX(0, (NOW() - (B95 + IF(ISBLANK(C95), TIME(9,0,0), C95))) * 24), 1)), ROUND(MAX(0, ((M95 + IF(ISBLANK(N95), TIME(18,0,0), N95)) - (B95 + IF(ISBLANK(C95), TIME(9,0,0), C95))) * 24), 1)), 0)) -> 0 | P95: =ROUND(O95 / 24, 2) -> 0 | Q95: =IF(ISBLANK(B95), 0, IF(ISBLANK(M95), IF(L95="Closed", 4, ROUND(MAX(0, (NOW() - (B95 + IF(ISBLANK(C95), TIME(9,0,0), C95))) * 24), 1)), ROUND(MAX(0, ((M95 + IF(ISBLANK(N95), TIME(18,0,0), N95)) - (B95 + IF(ISBLANK(C95), TIME(9,0,0), C95))) * 24), 1))) -> 1 | R95: =IF(ISNUMBER(SEARCH("Complete", H95)), 1, 0) -> 0 | S95: Resolve By inhouse Team
A96: 94 | B96: 46098 | C96: 0.77638889 | D96: Door Closer / Auto Mechanism | E96: Doors & Access Gates | F96: Cafeteria / Pantry | G96: Cafeteria SL 1 Door repair work done | H96: 🟡 Partial Breakdown (Machine Operational) | I96: N/A | J96: Inspected, serviced and restored to normal operation by In-House Team | K96: In-House Team | L96: Closed | M96: 46098 | N96: 0.75 | O96: =IF(ISBLANK(B96), 0, IF(ISNUMBER(SEARCH("Complete", H96)), IF(ISBLANK(M96), IF(L96="Closed", 4, ROUND(MAX(0, (NOW() - (B96 + IF(ISBLANK(C96), TIME(9,0,0), C96))) * 24), 1)), ROUND(MAX(0, ((M96 + IF(ISBLANK(N96), TIME(18,0,0), N96)) - (B96 + IF(ISBLANK(C96), TIME(9,0,0), C96))) * 24), 1)), 0)) -> 0 | P96: =ROUND(O96 / 24, 2) -> 0 | Q96: =IF(ISBLANK(B96), 0, IF(ISBLANK(M96), IF(L96="Closed", 4, ROUND(MAX(0, (NOW() - (B96 + IF(ISBLANK(C96), TIME(9,0,0), C96))) * 24), 1)), ROUND(MAX(0, ((M96 + IF(ISBLANK(N96), TIME(18,0,0), N96)) - (B96 + IF(ISBLANK(C96), TIME(9,0,0), C96))) * 24), 1))) -> 0 | R96: =IF(ISNUMBER(SEARCH("Complete", H96)), 1, 0) -> 0 | S96: Repaired by inhouse team
A97: 95 | B97: 46099 | C97: 0.44861111 | D97: RO Water System | E97: Water & Plumbing | F97: Main Facility Floor | G97: All zip tap RO TDS issue | H97: 🟡 Partial Breakdown (Machine Operational) | I97: 126537 | J97: OEM Vendor technician aligned, issue diagnosed & rectified | K97: Vendor / OEM | L97: Closed | M97: 46099 | N97: 0.75 | O97: =IF(ISBLANK(B97), 0, IF(ISNUMBER(SEARCH("Complete", H97)), IF(ISBLANK(M97), IF(L97="Closed", 4, ROUND(MAX(0, (NOW() - (B97 + IF(ISBLANK(C97), TIME(9,0,0), C97))) * 24), 1)), ROUND(MAX(0, ((M97 + IF(ISBLANK(N97), TIME(18,0,0), N97)) - (B97 + IF(ISBLANK(C97), TIME(9,0,0), C97))) * 24), 1)), 0)) -> 0 | P97: =ROUND(O97 / 24, 2) -> 0 | Q97: =IF(ISBLANK(B97), 0, IF(ISBLANK(M97), IF(L97="Closed", 4, ROUND(MAX(0, (NOW() - (B97 + IF(ISBLANK(C97), TIME(9,0,0), C97))) * 24), 1)), ROUND(MAX(0, ((M97 + IF(ISBLANK(N97), TIME(18,0,0), N97)) - (B97 + IF(ISBLANK(C97), TIME(9,0,0), C97))) * 24), 1))) -> 7.2 | R97: =IF(ISNUMBER(SEARCH("Complete", H97)), 1, 0) -> 0 | S97: Vendor
A98: 96 | B98: 46099 | C98: 0.61597222 | D98: Shoe Shine Machine | E98: Electrical & Power | F98: Zone B - Male Washroom | G98: Zone - B, male washroom Shoe Shine machine Not Working | H98: 🔴 Complete Breakdown (Full Downtime) | I98: N/A | J98: Inspected, serviced and restored to normal operation by In-House Team | K98: In-House Team | L98: Closed | M98: 46099 | N98: 0.75 | O98: =IF(ISBLANK(B98), 0, IF(ISNUMBER(SEARCH("Complete", H98)), IF(ISBLANK(M98), IF(L98="Closed", 4, ROUND(MAX(0, (NOW() - (B98 + IF(ISBLANK(C98), TIME(9,0,0), C98))) * 24), 1)), ROUND(MAX(0, ((M98 + IF(ISBLANK(N98), TIME(18,0,0), N98)) - (B98 + IF(ISBLANK(C98), TIME(9,0,0), C98))) * 24), 1)), 0)) -> 3.2 | P98: =ROUND(O98 / 24, 2) -> 0.13 | Q98: =IF(ISBLANK(B98), 0, IF(ISBLANK(M98), IF(L98="Closed", 4, ROUND(MAX(0, (NOW() - (B98 + IF(ISBLANK(C98), TIME(9,0,0), C98))) * 24), 1)), ROUND(MAX(0, ((M98 + IF(ISBLANK(N98), TIME(18,0,0), N98)) - (B98 + IF(ISBLANK(C98), TIME(9,0,0), C98))) * 24), 1))) -> 3.2 | R98: =IF(ISNUMBER(SEARCH("Complete", H98)), 1, 0) -> 1 | S98: Repaired by inhouse team
A99: 97 | B99: 46099 | C99: 0.76388889 | D99: Coffee / Tea Dispenser | E99: Cafeteria Equipment | F99: Main Facility Floor | G99: Cafetreria coffee machine water leakage | H99: 🟡 Partial Breakdown (Machine Operational) | I99: 1071 | J99: OEM Vendor technician aligned, issue diagnosed & rectified | K99: Vendor / OEM | L99: Closed | M99: 46101 | N99: 0.75 | O99: =IF(ISBLANK(B99), 0, IF(ISNUMBER(SEARCH("Complete", H99)), IF(ISBLANK(M99), IF(L99="Closed", 4, ROUND(MAX(0, (NOW() - (B99 + IF(ISBLANK(C99), TIME(9,0,0), C99))) * 24), 1)), ROUND(MAX(0, ((M99 + IF(ISBLANK(N99), TIME(18,0,0), N99)) - (B99 + IF(ISBLANK(C99), TIME(9,0,0), C99))) * 24), 1)), 0)) -> 0 | P99: =ROUND(O99 / 24, 2) -> 0 | Q99: =IF(ISBLANK(B99), 0, IF(ISBLANK(M99), IF(L99="Closed", 4, ROUND(MAX(0, (NOW() - (B99 + IF(ISBLANK(C99), TIME(9,0,0), C99))) * 24), 1)), ROUND(MAX(0, ((M99 + IF(ISBLANK(N99), TIME(18,0,0), N99)) - (B99 + IF(ISBLANK(C99), TIME(9,0,0), C99))) * 24), 1))) -> 47.7 | R99: =IF(ISNUMBER(SEARCH("Complete", H99)), 1, 0) -> 0 | S99: Vendor
A100: 98 | B100: 46100 | C100: 0.40625 | D100: RO Water System | E100: Water & Plumbing | F100: Zone A - Cafeteria / Pantry | G100: Zone A and Cafeteria area RO TDS issue | H100: 🟡 Partial Breakdown (Machine Operational) | I100: 126539 | J100: OEM Vendor technician aligned, issue diagnosed & rectified | K100: Vendor / OEM | L100: Closed | M100: 46101 | N100: 0.75 | O100: =IF(ISBLANK(B100), 0, IF(ISNUMBER(SEARCH("Complete", H100)), IF(ISBLANK(M100), IF(L100="Closed", 4, ROUND(MAX(0, (NOW() - (B100 + IF(ISBLANK(C100), TIME(9,0,0), C100))) * 24), 1)), ROUND(MAX(0, ((M100 + IF(ISBLANK(N100), TIME(18,0,0), N100)) - (B100 + IF(ISBLANK(C100), TIME(9,0,0), C100))) * 24), 1)), 0)) -> 0 | P100: =ROUND(O100 / 24, 2) -> 0 | Q100: =IF(ISBLANK(B100), 0, IF(ISBLANK(M100), IF(L100="Closed", 4, ROUND(MAX(0, (NOW() - (B100 + IF(ISBLANK(C100), TIME(9,0,0), C100))) * 24), 1)), ROUND(MAX(0, ((M100 + IF(ISBLANK(N100), TIME(18,0,0), N100)) - (B100 + IF(ISBLANK(C100), TIME(9,0,0), C100))) * 24), 1))) -> 32.3 | R100: =IF(ISNUMBER(SEARCH("Complete", H100)), 1, 0) -> 0 | S100: Vendor
A101: 99 | B101: 46100 | C101: 0.5125 | D101: RO Water System | E101: Water & Plumbing | F101: Zone F - Social Hub | G101: Zone - F Social Hub, RO TDS issue | H101: 🟡 Partial Breakdown (Machine Operational) | I101: 126542 | J101: OEM Vendor technician aligned, issue diagnosed & rectified | K101: Vendor / OEM | L101: Closed | M101: 46100 | N101: 0.75 | O101: =IF(ISBLANK(B101), 0, IF(ISNUMBER(SEARCH("Complete", H101)), IF(ISBLANK(M101), IF(L101="Closed", 4, ROUND(MAX(0, (NOW() - (B101 + IF(ISBLANK(C101), TIME(9,0,0), C101))) * 24), 1)), ROUND(MAX(0, ((M101 + IF(ISBLANK(N101), TIME(18,0,0), N101)) - (B101 + IF(ISBLANK(C101), TIME(9,0,0), C101))) * 24), 1)), 0)) -> 0 | P101: =ROUND(O101 / 24, 2) -> 0 | Q101: =IF(ISBLANK(B101), 0, IF(ISBLANK(M101), IF(L101="Closed", 4, ROUND(MAX(0, (NOW() - (B101 + IF(ISBLANK(C101), TIME(9,0,0), C101))) * 24), 1)), ROUND(MAX(0, ((M101 + IF(ISBLANK(N101), TIME(18,0,0), N101)) - (B101 + IF(ISBLANK(C101), TIME(9,0,0), C101))) * 24), 1))) -> 5.7 | R101: =IF(ISNUMBER(SEARCH("Complete", H101)), 1, 0) -> 0 | S101: Vendor
A102: 100 | B102: 46102 | C102: 0.75277778 | D102: Drainage / Sump Pump | E102: Water & Plumbing | F102: Zone A - Social Hub | G102: Zone -A Social hub Drain pump Not Working | H102: 🔴 Complete Breakdown (Full Downtime) | I102: N/A | J102: Micro Switch & Membrain replaced by Vendor | K102: Vendor / OEM | L102: Closed | M102: 46103 | N102: 0.75 | O102: =IF(ISBLANK(B102), 0, IF(ISNUMBER(SEARCH("Complete", H102)), IF(ISBLANK(M102), IF(L102="Closed", 4, ROUND(MAX(0, (NOW() - (B102 + IF(ISBLANK(C102), TIME(9,0,0), C102))) * 24), 1)), ROUND(MAX(0, ((M102 + IF(ISBLANK(N102), TIME(18,0,0), N102)) - (B102 + IF(ISBLANK(C102), TIME(9,0,0), C102))) * 24), 1)), 0)) -> 23.9 | P102: =ROUND(O102 / 24, 2) -> 1 | Q102: =IF(ISBLANK(B102), 0, IF(ISBLANK(M102), IF(L102="Closed", 4, ROUND(MAX(0, (NOW() - (B102 + IF(ISBLANK(C102), TIME(9,0,0), C102))) * 24), 1)), ROUND(MAX(0, ((M102 + IF(ISBLANK(N102), TIME(18,0,0), N102)) - (B102 + IF(ISBLANK(C102), TIME(9,0,0), C102))) * 24), 1))) -> 23.9 | R102: =IF(ISNUMBER(SEARCH("Complete", H102)), 1, 0) -> 1 | S102: Micro Switch & Membrain replaced by Vendor
A103: 101 | B103: 46104 | C103: 0.29861111 | D103: Coffee / Tea Dispenser | E103: Cafeteria Equipment | F103: Cafeteria / Pantry | G103: Cafeteria, CCD Machine not working. | H103: 🔴 Complete Breakdown (Full Downtime) | I103: N/A | J103: OEM Vendor technician aligned, issue diagnosed & rectified | K103: Vendor / OEM | L103: Closed | M103: 46104 | N103: 0.75 | O103: =IF(ISBLANK(B103), 0, IF(ISNUMBER(SEARCH("Complete", H103)), IF(ISBLANK(M103), IF(L103="Closed", 4, ROUND(MAX(0, (NOW() - (B103 + IF(ISBLANK(C103), TIME(9,0,0), C103))) * 24), 1)), ROUND(MAX(0, ((M103 + IF(ISBLANK(N103), TIME(18,0,0), N103)) - (B103 + IF(ISBLANK(C103), TIME(9,0,0), C103))) * 24), 1)), 0)) -> 10.8 | P103: =ROUND(O103 / 24, 2) -> 0.45 | Q103: =IF(ISBLANK(B103), 0, IF(ISBLANK(M103), IF(L103="Closed", 4, ROUND(MAX(0, (NOW() - (B103 + IF(ISBLANK(C103), TIME(9,0,0), C103))) * 24), 1)), ROUND(MAX(0, ((M103 + IF(ISBLANK(N103), TIME(18,0,0), N103)) - (B103 + IF(ISBLANK(C103), TIME(9,0,0), C103))) * 24), 1))) -> 10.8 | R103: =IF(ISNUMBER(SEARCH("Complete", H103)), 1, 0) -> 1 | S103: Resolved By Vendor
A104: 102 | B104: 46104 | C104: 0.38888889 | D104: Drainage / Sump Pump | E104: Water & Plumbing | F104: Cafeteria / Pantry | G104: Cafeteria, iceland bar Sum Pump not working | H104: 🔴 Complete Breakdown (Full Downtime) | I104: N/A | J104: Micro switch Changed by vendor | K104: Vendor / OEM | L104: Closed | M104: 46104 | N104: 0.75 | O104: =IF(ISBLANK(B104), 0, IF(ISNUMBER(SEARCH("Complete", H104)), IF(ISBLANK(M104), IF(L104="Closed", 4, ROUND(MAX(0, (NOW() - (B104 + IF(ISBLANK(C104), TIME(9,0,0), C104))) * 24), 1)), ROUND(MAX(0, ((M104 + IF(ISBLANK(N104), TIME(18,0,0), N104)) - (B104 + IF(ISBLANK(C104), TIME(9,0,0), C104))) * 24), 1)), 0)) -> 8.7 | P104: =ROUND(O104 / 24, 2) -> 0.36 | Q104: =IF(ISBLANK(B104), 0, IF(ISBLANK(M104), IF(L104="Closed", 4, ROUND(MAX(0, (NOW() - (B104 + IF(ISBLANK(C104), TIME(9,0,0), C104))) * 24), 1)), ROUND(MAX(0, ((M104 + IF(ISBLANK(N104), TIME(18,0,0), N104)) - (B104 + IF(ISBLANK(C104), TIME(9,0,0), C104))) * 24), 1))) -> 8.7 | R104: =IF(ISNUMBER(SEARCH("Complete", H104)), 1, 0) -> 1 | S104: Micro switch Changed by vendor
... A140: 138 | B140: 46143 | C140: 0.52083333 | D140: RO Water System | E140: Water & Plumbing | F140: Cafeteria / Pantry | G140: Cafeteria, pantry RO Water not coming | H140: 🟡 Partial Breakdown (Machine Operational) | I140: 143802 | J140: Motor Changed by Vendor | K140: Vendor / OEM | L140: Closed | M140: 46143 | N140: 0.75 | O140: =IF(ISBLANK(B140), 0, IF(ISNUMBER(SEARCH("Complete", H140)), IF(ISBLANK(M140), IF(L140="Closed", 4, ROUND(MAX(0, (NOW() - (B140 + IF(ISBLANK(C140), TIME(9,0,0), C140))) * 24), 1)), ROUND(MAX(0, ((M140 + IF(ISBLANK(N140), TIME(18,0,0), N140)) - (B140 + IF(ISBLANK(C140), TIME(9,0,0), C140))) * 24), 1)), 0)) -> 0 | P140: =ROUND(O140 / 24, 2) -> 0 | Q140: =IF(ISBLANK(B140), 0, IF(ISBLANK(M140), IF(L140="Closed", 4, ROUND(MAX(0, (NOW() - (B140 + IF(ISBLANK(C140), TIME(9,0,0), C140))) * 24), 1)), ROUND(MAX(0, ((M140 + IF(ISBLANK(N140), TIME(18,0,0), N140)) - (B140 + IF(ISBLANK(C140), TIME(9,0,0), C140))) * 24), 1))) -> 5.5 | R140: =IF(ISNUMBER(SEARCH("Complete", H140)), 1, 0) -> 0 | S140: Motor Changed by Vendor
A141: 139 | B141: 46146 | C141: 0.59027778 | D141: VAV (Variable Air Volume) | E141: HVAC & Cooling | F141: Main Facility Floor | G141: MR-103 VAV Communication issue. | H141: 🟡 Partial Breakdown (Machine Operational) | I141: N/A | J141: Investigation in progress; technician / spare parts aligned | K141: In-House Team | L141: In Progress (WIP) | O141: =IF(ISBLANK(B141), 0, IF(ISNUMBER(SEARCH("Complete", H141)), IF(ISBLANK(M141), IF(L141="Closed", 4, ROUND(MAX(0, (NOW() - (B141 + IF(ISBLANK(C141), TIME(9,0,0), C141))) * 24), 1)), ROUND(MAX(0, ((M141 + IF(ISBLANK(N141), TIME(18,0,0), N141)) - (B141 + IF(ISBLANK(C141), TIME(9,0,0), C141))) * 24), 1)), 0)) -> 0 | P141: =ROUND(O141 / 24, 2) -> 0 | Q141: =IF(ISBLANK(B141), 0, IF(ISBLANK(M141), IF(L141="Closed", 4, ROUND(MAX(0, (NOW() - (B141 + IF(ISBLANK(C141), TIME(9,0,0), C141))) * 24), 1)), ROUND(MAX(0, ((M141 + IF(ISBLANK(N141), TIME(18,0,0), N141)) - (B141 + IF(ISBLANK(C141), TIME(9,0,0), C141))) * 24), 1))) -> 2571.8 | R141: =IF(ISNUMBER(SEARCH("Complete", H141)), 1, 0) -> 0 | S141: Standard Resolution
A142: 140 | B142: 46146 | C142: 0.59027778 | D142: VAV (Variable Air Volume) | E142: HVAC & Cooling | F142: Main Facility Floor | G142: MR-101,MR-102, & MR-305 VAV not working properly | H142: 🔴 Complete Breakdown (Full Downtime) | I142: N/A | J142: OEM Vendor technician aligned, issue diagnosed & rectified | K142: Vendor / OEM | L142: Closed | M142: 46147 | N142: 0.75 | O142: =IF(ISBLANK(B142), 0, IF(ISNUMBER(SEARCH("Complete", H142)), IF(ISBLANK(M142), IF(L142="Closed", 4, ROUND(MAX(0, (NOW() - (B142 + IF(ISBLANK(C142), TIME(9,0,0), C142))) * 24), 1)), ROUND(MAX(0, ((M142 + IF(ISBLANK(N142), TIME(18,0,0), N142)) - (B142 + IF(ISBLANK(C142), TIME(9,0,0), C142))) * 24), 1)), 0)) -> 27.8 | P142: =ROUND(O142 / 24, 2) -> 1.16 | Q142: =IF(ISBLANK(B142), 0, IF(ISBLANK(M142), IF(L142="Closed", 4, ROUND(MAX(0, (NOW() - (B142 + IF(ISBLANK(C142), TIME(9,0,0), C142))) * 24), 1)), ROUND(MAX(0, ((M142 + IF(ISBLANK(N142), TIME(18,0,0), N142)) - (B142 + IF(ISBLANK(C142), TIME(9,0,0), C142))) * 24), 1))) -> 27.8 | R142: =IF(ISNUMBER(SEARCH("Complete", H142)), 1, 0) -> 1 | S142: Resolved By Vendor
A143: 141 | B143: 46147 | C143: 0.35277778 | D143: Accessible Washroom | E143: Doors & Access Gates | F143: Cafeteria / Pantry | G143: Cafeteria, Accessible washroom auto swing door not working | H143: 🔴 Complete Breakdown (Full Downtime) | I143: N/A | J143: Inspected, serviced and restored to normal operation by In-House Team | K143: In-House Team | L143: Closed | M143: 46158 | N143: 0.75 | O143: =IF(ISBLANK(B143), 0, IF(ISNUMBER(SEARCH("Complete", H143)), IF(ISBLANK(M143), IF(L143="Closed", 4, ROUND(MAX(0, (NOW() - (B143 + IF(ISBLANK(C143), TIME(9,0,0), C143))) * 24), 1)), ROUND(MAX(0, ((M143 + IF(ISBLANK(N143), TIME(18,0,0), N143)) - (B143 + IF(ISBLANK(C143), TIME(9,0,0), C143))) * 24), 1)), 0)) -> 273.5 | P143: =ROUND(O143 / 24, 2) -> 11.4 | Q143: =IF(ISBLANK(B143), 0, IF(ISBLANK(M143), IF(L143="Closed", 4, ROUND(MAX(0, (NOW() - (B143 + IF(ISBLANK(C143), TIME(9,0,0), C143))) * 24), 1)), ROUND(MAX(0, ((M143 + IF(ISBLANK(N143), TIME(18,0,0), N143)) - (B143 + IF(ISBLANK(C143), TIME(9,0,0), C143))) * 24), 1))) -> 273.5 | R143: =IF(ISNUMBER(SEARCH("Complete", H143)), 1, 0) -> 1 | S143: Standard Resolution
A144: 142 | B144: 46148 | C144: 0.51805556 | D144: RO Water System | E144: Water & Plumbing | F144: Zone A - Social Hub | G144: Zone A, Social hub RO TDS issue | H144: 🟡 Partial Breakdown (Machine Operational) | I144: 145385 | J144: OEM Vendor technician aligned, issue diagnosed & rectified | K144: Vendor / OEM | L144: Closed | M144: 46149 | N144: 0.75 | O144: =IF(ISBLANK(B144), 0, IF(ISNUMBER(SEARCH("Complete", H144)), IF(ISBLANK(M144), IF(L144="Closed", 4, ROUND(MAX(0, (NOW() - (B144 + IF(ISBLANK(C144), TIME(9,0,0), C144))) * 24), 1)), ROUND(MAX(0, ((M144 + IF(ISBLANK(N144), TIME(18,0,0), N144)) - (B144 + IF(ISBLANK(C144), TIME(9,0,0), C144))) * 24), 1)), 0)) -> 0 | P144: =ROUND(O144 / 24, 2) -> 0 | Q144: =IF(ISBLANK(B144), 0, IF(ISBLANK(M144), IF(L144="Closed", 4, ROUND(MAX(0, (NOW() - (B144 + IF(ISBLANK(C144), TIME(9,0,0), C144))) * 24), 1)), ROUND(MAX(0, ((M144 + IF(ISBLANK(N144), TIME(18,0,0), N144)) - (B144 + IF(ISBLANK(C144), TIME(9,0,0), C144))) * 24), 1))) -> 29.6 | R144: =IF(ISNUMBER(SEARCH("Complete", H144)), 1, 0) -> 0 | S144: Resolved By Vendor
A145: 143 | B145: 46149 | C145: 0.42569444 | D145: Zip Tap | E145: Water & Plumbing | F145: Cafeteria / Pantry | G145: Cafeteria, Pantry zip tap cold water temp sensor showing high | H145: 🟡 Partial Breakdown (Machine Operational) | I145: 146380 | J145: Sensor Changed by Vendor | K145: Vendor / OEM | L145: Closed | M145: 46149 | N145: 0.75 | O145: =IF(ISBLANK(B145), 0, IF(ISNUMBER(SEARCH("Complete", H145)), IF(ISBLANK(M145), IF(L145="Closed", 4, ROUND(MAX(0, (NOW() - (B145 + IF(ISBLANK(C145), TIME(9,0,0), C145))) * 24), 1)), ROUND(MAX(0, ((M145 + IF(ISBLANK(N145), TIME(18,0,0), N145)) - (B145 + IF(ISBLANK(C145), TIME(9,0,0), C145))) * 24), 1)), 0)) -> 0 | P145: =ROUND(O145 / 24, 2) -> 0 | Q145: =IF(ISBLANK(B145), 0, IF(ISBLANK(M145), IF(L145="Closed", 4, ROUND(MAX(0, (NOW() - (B145 + IF(ISBLANK(C145), TIME(9,0,0), C145))) * 24), 1)), ROUND(MAX(0, ((M145 + IF(ISBLANK(N145), TIME(18,0,0), N145)) - (B145 + IF(ISBLANK(C145), TIME(9,0,0), C145))) * 24), 1))) -> 7.8 | R145: =IF(ISNUMBER(SEARCH("Complete", H145)), 1, 0) -> 0 | S145: Sensor Changed by Vendor
A146: 144 | B146: 46150 | C146: 0.375 | D146: HRT Paper Dispenser | E146: Water & Plumbing | F146: Zone E - Male Washroom | G146: Zone - E, Male washroom HRT not working | H146: 🔴 Complete Breakdown (Full Downtime) | I146: N/A | J146: Inspected, serviced and restored to normal operation by In-House Team | K146: In-House Team | L146: Closed | M146: 46150 | N146: 0.75 | O146: =IF(ISBLANK(B146), 0, IF(ISNUMBER(SEARCH("Complete", H146)), IF(ISBLANK(M146), IF(L146="Closed", 4, ROUND(MAX(0, (NOW() - (B146 + IF(ISBLANK(C146), TIME(9,0,0), C146))) * 24), 1)), ROUND(MAX(0, ((M146 + IF(ISBLANK(N146), TIME(18,0,0), N146)) - (B146 + IF(ISBLANK(C146), TIME(9,0,0), C146))) * 24), 1)), 0)) -> 9 | P146: =ROUND(O146 / 24, 2) -> 0.38 | Q146: =IF(ISBLANK(B146), 0, IF(ISBLANK(M146), IF(L146="Closed", 4, ROUND(MAX(0, (NOW() - (B146 + IF(ISBLANK(C146), TIME(9,0,0), C146))) * 24), 1)), ROUND(MAX(0, ((M146 + IF(ISBLANK(N146), TIME(18,0,0), N146)) - (B146 + IF(ISBLANK(C146), TIME(9,0,0), C146))) * 24), 1))) -> 9 | R146: =IF(ISNUMBER(SEARCH("Complete", H146)), 1, 0) -> 1 | S146: Resolved by inhouse team
A147: 145 | B147: 46151 | C147: 0.58680556 | D147: VESDA Smoke Detection System | E147: Fire, Safety & BMS | F147: Main Facility Floor | G147: Vesda System Error showing | H147: 🟡 Partial Breakdown (Machine Operational) | I147: N/A | J147: OEM Vendor technician aligned, issue diagnosed & rectified | K147: Vendor / OEM | L147: Closed | M147: 46154 | N147: 0.75 | O147: =IF(ISBLANK(B147), 0, IF(ISNUMBER(SEARCH("Complete", H147)), IF(ISBLANK(M147), IF(L147="Closed", 4, ROUND(MAX(0, (NOW() - (B147 + IF(ISBLANK(C147), TIME(9,0,0), C147))) * 24), 1)), ROUND(MAX(0, ((M147 + IF(ISBLANK(N147), TIME(18,0,0), N147)) - (B147 + IF(ISBLANK(C147), TIME(9,0,0), C147))) * 24), 1)), 0)) -> 0 | P147: =ROUND(O147 / 24, 2) -> 0 | Q147: =IF(ISBLANK(B147), 0, IF(ISBLANK(M147), IF(L147="Closed", 4, ROUND(MAX(0, (NOW() - (B147 + IF(ISBLANK(C147), TIME(9,0,0), C147))) * 24), 1)), ROUND(MAX(0, ((M147 + IF(ISBLANK(N147), TIME(18,0,0), N147)) - (B147 + IF(ISBLANK(C147), TIME(9,0,0), C147))) * 24), 1))) -> 75.9 | R147: =IF(ISNUMBER(SEARCH("Complete", H147)), 1, 0) -> 0 | S147: Resolved by vendor
A148: 146 | B148: 46153 | C148: 0.49236111 | D148: Refrigerator | E148: Cafeteria Equipment | F148: Cafeteria / Pantry | G148: Cafeteria, Tuckshop freedge compressor not working | H148: 🔴 Complete Breakdown (Full Downtime) | I148: N/A | J148: OEM Vendor technician aligned, issue diagnosed & rectified | K148: Vendor / OEM | L148: Closed | M148: 46153 | N148: 0.75 | O148: =IF(ISBLANK(B148), 0, IF(ISNUMBER(SEARCH("Complete", H148)), IF(ISBLANK(M148), IF(L148="Closed", 4, ROUND(MAX(0, (NOW() - (B148 + IF(ISBLANK(C148), TIME(9,0,0), C148))) * 24), 1)), ROUND(MAX(0, ((M148 + IF(ISBLANK(N148), TIME(18,0,0), N148)) - (B148 + IF(ISBLANK(C148), TIME(9,0,0), C148))) * 24), 1)), 0)) -> 6.2 | P148: =ROUND(O148 / 24, 2) -> 0.26 | Q148: =IF(ISBLANK(B148), 0, IF(ISBLANK(M148), IF(L148="Closed", 4, ROUND(MAX(0, (NOW() - (B148 + IF(ISBLANK(C148), TIME(9,0,0), C148))) * 24), 1)), ROUND(MAX(0, ((M148 + IF(ISBLANK(N148), TIME(18,0,0), N148)) - (B148 + IF(ISBLANK(C148), TIME(9,0,0), C148))) * 24), 1))) -> 6.2 | R148: =IF(ISNUMBER(SEARCH("Complete", H148)), 1, 0) -> 1 | S148: Resolved by vendor
A149: 147 | B149: 46153 | C149: 0.34166667 | D149: HRT Paper Dispenser | E149: Water & Plumbing | F149: Zone B - Male Washroom | G149: Zone -B , Male washroom HRT not working | H149: 🔴 Complete Breakdown (Full Downtime) | I149: N/A | J149: Inspected, serviced and restored to normal operation by In-House Team | K149: In-House Team | L149: Closed | M149: 46153 | N149: 0.75 | O149: =IF(ISBLANK(B149), 0, IF(ISNUMBER(SEARCH("Complete", H149)), IF(ISBLANK(M149), IF(L149="Closed", 4, ROUND(MAX(0, (NOW() - (B149 + IF(ISBLANK(C149), TIME(9,0,0), C149))) * 24), 1)), ROUND(MAX(0, ((M149 + IF(ISBLANK(N149), TIME(18,0,0), N149)) - (B149 + IF(ISBLANK(C149), TIME(9,0,0), C149))) * 24), 1)), 0)) -> 9.8 | P149: =ROUND(O149 / 24, 2) -> 0.41 | Q149: =IF(ISBLANK(B149), 0, IF(ISBLANK(M149), IF(L149="Closed", 4, ROUND(MAX(0, (NOW() - (B149 + IF(ISBLANK(C149), TIME(9,0,0), C149))) * 24), 1)), ROUND(MAX(0, ((M149 + IF(ISBLANK(N149), TIME(18,0,0), N149)) - (B149 + IF(ISBLANK(C149), TIME(9,0,0), C149))) * 24), 1))) -> 9.8 | R149: =IF(ISNUMBER(SEARCH("Complete", H149)), 1, 0) -> 1 | S149: Resolved by inhouse team
A150: 148 | B150: 46154 | C150: 0.49305556 | D150: Door Closer / Auto Mechanism | E150: Doors & Access Gates | F150: Main Facility Floor | G150: MR - 303, Door Closer issue | H150: 🟡 Partial Breakdown (Machine Operational) | I150: N/A | J150: Door closer changed by inhouse team | K150: In-House Team | L150: Closed | M150: 46154 | N150: 0.75 | O150: =IF(ISBLANK(B150), 0, IF(ISNUMBER(SEARCH("Complete", H150)), IF(ISBLANK(M150), IF(L150="Closed", 4, ROUND(MAX(0, (NOW() - (B150 + IF(ISBLANK(C150), TIME(9,0,0), C150))) * 24), 1)), ROUND(MAX(0, ((M150 + IF(ISBLANK(N150), TIME(18,0,0), N150)) - (B150 + IF(ISBLANK(C150), TIME(9,0,0), C150))) * 24), 1)), 0)) -> 0 | P150: =ROUND(O150 / 24, 2) -> 0 | Q150: =IF(ISBLANK(B150), 0, IF(ISBLANK(M150), IF(L150="Closed", 4, ROUND(MAX(0, (NOW() - (B150 + IF(ISBLANK(C150), TIME(9,0,0), C150))) * 24), 1)), ROUND(MAX(0, ((M150 + IF(ISBLANK(N150), TIME(18,0,0), N150)) - (B150 + IF(ISBLANK(C150), TIME(9,0,0), C150))) * 24), 1))) -> 6.2 | R150: =IF(ISNUMBER(SEARCH("Complete", H150)), 1, 0) -> 0 | S150: Door closer changed by inhouse team
A151: 149 | B151: 46154 | C151: 0.42361111 | D151: Shoe Shine Machine | E151: Electrical & Power | F151: Zone E - Male Washroom | G151: Zone - E, Male Washroom shoe shine machine noise issue | H151: 🟡 Partial Breakdown (Machine Operational) | I151: N/A | J151: Inspected, serviced and restored to normal operation by In-House Team | K151: In-House Team | L151: Closed | M151: 46154 | N151: 0.75 | O151: =IF(ISBLANK(B151), 0, IF(ISNUMBER(SEARCH("Complete", H151)), IF(ISBLANK(M151), IF(L151="Closed", 4, ROUND(MAX(0, (NOW() - (B151 + IF(ISBLANK(C151), TIME(9,0,0), C151))) * 24), 1)), ROUND(MAX(0, ((M151 + IF(ISBLANK(N151), TIME(18,0,0), N151)) - (B151 + IF(ISBLANK(C151), TIME(9,0,0), C151))) * 24), 1)), 0)) -> 0 | P151: =ROUND(O151 / 24, 2) -> 0 | Q151: =IF(ISBLANK(B151), 0, IF(ISBLANK(M151), IF(L151="Closed", 4, ROUND(MAX(0, (NOW() - (B151 + IF(ISBLANK(C151), TIME(9,0,0), C151))) * 24), 1)), ROUND(MAX(0, ((M151 + IF(ISBLANK(N151), TIME(18,0,0), N151)) - (B151 + IF(ISBLANK(C151), TIME(9,0,0), C151))) * 24), 1))) -> 7.8 | R151: =IF(ISNUMBER(SEARCH("Complete", H151)), 1, 0) -> 0 | S151: Resolved by inhouse team
A152: 150 | B152: 46154 | C152: 0.44583333 | D152: Soap Dispenser | E152: Water & Plumbing | F152: Zone E - Male Washroom | G152: Zone -E, Female washroom nos-1, soap dispenser not working | H152: 🔴 Complete Breakdown (Full Downtime) | I152: N/A | J152: Inspected, serviced and restored to normal operation by In-House Team | K152: In-House Team | L152: Closed | M152: 46154 | N152: 0.75 | O152: =IF(ISBLANK(B152), 0, IF(ISNUMBER(SEARCH("Complete", H152)), IF(ISBLANK(M152), IF(L152="Closed", 4, ROUND(MAX(0, (NOW() - (B152 + IF(ISBLANK(C152), TIME(9,0,0), C152))) * 24), 1)), ROUND(MAX(0, ((M152 + IF(ISBLANK(N152), TIME(18,0,0), N152)) - (B152 + IF(ISBLANK(C152), TIME(9,0,0), C152))) * 24), 1)), 0)) -> 7.3 | P152: =ROUND(O152 / 24, 2) -> 0.3 | Q152: =IF(ISBLANK(B152), 0, IF(ISBLANK(M152), IF(L152="Closed", 4, ROUND(MAX(0, (NOW() - (B152 + IF(ISBLANK(C152), TIME(9,0,0), C152))) * 24), 1)), ROUND(MAX(0, ((M152 + IF(ISBLANK(N152), TIME(18,0,0), N152)) - (B152 + IF(ISBLANK(C152), TIME(9,0,0), C152))) * 24), 1))) -> 7.3 | R152: =IF(ISNUMBER(SEARCH("Complete", H152)), 1, 0) -> 1 | S152: Repaired by inhouse team
A153: 151 | B153: 46155 | C153: 0.64791667 | D153: HRT Paper Dispenser | E153: Water & Plumbing | F153: Main Facility Floor | G153: HRT Dispenser not Working | H153: 🔴 Complete Breakdown (Full Downtime) | I153: N/A | J153: Inspected, serviced and restored to normal operation by In-House Team | K153: In-House Team | L153: Closed | M153: 46155 | N153: 0.75 | O153: =IF(ISBLANK(B153), 0, IF(ISNUMBER(SEARCH("Complete", H153)), IF(ISBLANK(M153), IF(L153="Closed", 4, ROUND(MAX(0, (NOW() - (B153 + IF(ISBLANK(C153), TIME(9,0,0), C153))) * 24), 1)), ROUND(MAX(0, ((M153 + IF(ISBLANK(N153), TIME(18,0,0), N153)) - (B153 + IF(ISBLANK(C153), TIME(9,0,0), C153))) * 24), 1)), 0)) -> 2.4 | P153: =ROUND(O153 / 24, 2) -> 0.1 | Q153: =IF(ISBLANK(B153), 0, IF(ISBLANK(M153), IF(L153="Closed", 4, ROUND(MAX(0, (NOW() - (B153 + IF(ISBLANK(C153), TIME(9,0,0), C153))) * 24), 1)), ROUND(MAX(0, ((M153 + IF(ISBLANK(N153), TIME(18,0,0), N153)) - (B153 + IF(ISBLANK(C153), TIME(9,0,0), C153))) * 24), 1))) -> 2.4 | R153: =IF(ISNUMBER(SEARCH("Complete", H153)), 1, 0) -> 1 | S153: Repaired by inhouse team
... A165: 163 | B165: 46167 | C165: 0.40972222 | D165: Lighting Circuit / Fixture | E165: Electrical & Power | F165: UPS Room A | G165: Reception, Back side Near UPS Room A 2*2 light Nos 1 blinking issue | H165: 🟡 Partial Breakdown (Machine Operational) | I165: N/A | J165: Inspected, serviced and restored to normal operation by In-House Team | K165: In-House Team | L165: Closed | M165: 46167 | N165: 0.75 | O165: =IF(ISBLANK(B165), 0, IF(ISNUMBER(SEARCH("Complete", H165)), IF(ISBLANK(M165), IF(L165="Closed", 4, ROUND(MAX(0, (NOW() - (B165 + IF(ISBLANK(C165), TIME(9,0,0), C165))) * 24), 1)), ROUND(MAX(0, ((M165 + IF(ISBLANK(N165), TIME(18,0,0), N165)) - (B165 + IF(ISBLANK(C165), TIME(9,0,0), C165))) * 24), 1)), 0)) -> 0 | P165: =ROUND(O165 / 24, 2) -> 0 | Q165: =IF(ISBLANK(B165), 0, IF(ISBLANK(M165), IF(L165="Closed", 4, ROUND(MAX(0, (NOW() - (B165 + IF(ISBLANK(C165), TIME(9,0,0), C165))) * 24), 1)), ROUND(MAX(0, ((M165 + IF(ISBLANK(N165), TIME(18,0,0), N165)) - (B165 + IF(ISBLANK(C165), TIME(9,0,0), C165))) * 24), 1))) -> 8.2 | R165: =IF(ISNUMBER(SEARCH("Complete", H165)), 1, 0) -> 0 | S165: Repaired by inhouse team
A166: 164 | B166: 46167 | C166: 0.63194444 | D166: Dishwashing Machine | E166: Cafeteria Equipment | F166: Zone A - Cafeteria / Pantry | G166: Zone - A, social hub dishwash machine issue | H166: 🟡 Partial Breakdown (Machine Operational) | I166: N/A | J166: Investigation in progress; technician / spare parts aligned | K166: In-House Team | L166: In Progress (WIP) | O166: =IF(ISBLANK(B166), 0, IF(ISNUMBER(SEARCH("Complete", H166)), IF(ISBLANK(M166), IF(L166="Closed", 4, ROUND(MAX(0, (NOW() - (B166 + IF(ISBLANK(C166), TIME(9,0,0), C166))) * 24), 1)), ROUND(MAX(0, ((M166 + IF(ISBLANK(N166), TIME(18,0,0), N166)) - (B166 + IF(ISBLANK(C166), TIME(9,0,0), C166))) * 24), 1)), 0)) -> 0 | P166: =ROUND(O166 / 24, 2) -> 0 | Q166: =IF(ISBLANK(B166), 0, IF(ISBLANK(M166), IF(L166="Closed", 4, ROUND(MAX(0, (NOW() - (B166 + IF(ISBLANK(C166), TIME(9,0,0), C166))) * 24), 1)), ROUND(MAX(0, ((M166 + IF(ISBLANK(N166), TIME(18,0,0), N166)) - (B166 + IF(ISBLANK(C166), TIME(9,0,0), C166))) * 24), 1))) -> 2066.8 | R166: =IF(ISNUMBER(SEARCH("Complete", H166)), 1, 0) -> 0 | S166: Standard Resolution
A167: 165 | B167: 46167 | C167: 0.68055556 | D167: Refrigerator | E167: Cafeteria Equipment | F167: Cafeteria / Pantry | G167: Cafeteria, Tuck shop freedge not working | H167: 🔴 Complete Breakdown (Full Downtime) | I167: N/A | J167: OEM Vendor technician aligned, issue diagnosed & rectified | K167: Vendor / OEM | L167: Closed | M167: 46169 | N167: 0.75 | O167: =IF(ISBLANK(B167), 0, IF(ISNUMBER(SEARCH("Complete", H167)), IF(ISBLANK(M167), IF(L167="Closed", 4, ROUND(MAX(0, (NOW() - (B167 + IF(ISBLANK(C167), TIME(9,0,0), C167))) * 24), 1)), ROUND(MAX(0, ((M167 + IF(ISBLANK(N167), TIME(18,0,0), N167)) - (B167 + IF(ISBLANK(C167), TIME(9,0,0), C167))) * 24), 1)), 0)) -> 49.7 | P167: =ROUND(O167 / 24, 2) -> 2.07 | Q167: =IF(ISBLANK(B167), 0, IF(ISBLANK(M167), IF(L167="Closed", 4, ROUND(MAX(0, (NOW() - (B167 + IF(ISBLANK(C167), TIME(9,0,0), C167))) * 24), 1)), ROUND(MAX(0, ((M167 + IF(ISBLANK(N167), TIME(18,0,0), N167)) - (B167 + IF(ISBLANK(C167), TIME(9,0,0), C167))) * 24), 1))) -> 49.7 | R167: =IF(ISNUMBER(SEARCH("Complete", H167)), 1, 0) -> 1 | S167: Resolved by vendor
A168: 166 | B168: 46171 | C168: 0.375 | D168: RO Water System | E168: Water & Plumbing | F168: Social Hub 2 | G168: RO Machine Water leakage issue in F zone social hub-2 | H168: 🟡 Partial Breakdown (Machine Operational) | I168: 152411 | J168: Inspected, serviced and restored to normal operation by In-House Team | K168: In-House Team | L168: Closed | M168: 46171 | N168: 0.75 | O168: =IF(ISBLANK(B168), 0, IF(ISNUMBER(SEARCH("Complete", H168)), IF(ISBLANK(M168), IF(L168="Closed", 4, ROUND(MAX(0, (NOW() - (B168 + IF(ISBLANK(C168), TIME(9,0,0), C168))) * 24), 1)), ROUND(MAX(0, ((M168 + IF(ISBLANK(N168), TIME(18,0,0), N168)) - (B168 + IF(ISBLANK(C168), TIME(9,0,0), C168))) * 24), 1)), 0)) -> 0 | P168: =ROUND(O168 / 24, 2) -> 0 | Q168: =IF(ISBLANK(B168), 0, IF(ISBLANK(M168), IF(L168="Closed", 4, ROUND(MAX(0, (NOW() - (B168 + IF(ISBLANK(C168), TIME(9,0,0), C168))) * 24), 1)), ROUND(MAX(0, ((M168 + IF(ISBLANK(N168), TIME(18,0,0), N168)) - (B168 + IF(ISBLANK(C168), TIME(9,0,0), C168))) * 24), 1))) -> 9 | R168: =IF(ISNUMBER(SEARCH("Complete", H168)), 1, 0) -> 0 | S168: Standard Resolution
A169: =IF(ISBLANK(B169), "", A168+1) | O169: =IF(ISBLANK(B169), 0, IF(ISNUMBER(SEARCH("Complete", H169)), IF(ISBLANK(M169), IF(L169="Closed", 4, ROUND(MAX(0, (NOW() - (B169 + IF(ISBLANK(C169), TIME(9,0,0), C169))) * 24), 1)), ROUND(MAX(0, ((M169 + IF(ISBLANK(N169), TIME(18,0,0), N169)) - (B169 + IF(ISBLANK(C169), TIME(9,0,0), C169))) * 24), 1)), 0)) -> 0 | P169: =ROUND(O169 / 24, 2) -> 0 | Q169: =IF(ISBLANK(B169), 0, IF(ISBLANK(M169), IF(L169="Closed", 4, ROUND(MAX(0, (NOW() - (B169 + IF(ISBLANK(C169), TIME(9,0,0), C169))) * 24), 1)), ROUND(MAX(0, ((M169 + IF(ISBLANK(N169), TIME(18,0,0), N169)) - (B169 + IF(ISBLANK(C169), TIME(9,0,0), C169))) * 24), 1))) -> 0 | R169: =IF(ISNUMBER(SEARCH("Complete", H169)), 1, 0) -> 0
A170: =IF(ISBLANK(B170), "", A169+1) | O170: =IF(ISBLANK(B170), 0, IF(ISNUMBER(SEARCH("Complete", H170)), IF(ISBLANK(M170), IF(L170="Closed", 4, ROUND(MAX(0, (NOW() - (B170 + IF(ISBLANK(C170), TIME(9,0,0), C170))) * 24), 1)), ROUND(MAX(0, ((M170 + IF(ISBLANK(N170), TIME(18,0,0), N170)) - (B170 + IF(ISBLANK(C170), TIME(9,0,0), C170))) * 24), 1)), 0)) -> 0 | P170: =ROUND(O170 / 24, 2) -> 0 | Q170: =IF(ISBLANK(B170), 0, IF(ISBLANK(M170), IF(L170="Closed", 4, ROUND(MAX(0, (NOW() - (B170 + IF(ISBLANK(C170), TIME(9,0,0), C170))) * 24), 1)), ROUND(MAX(0, ((M170 + IF(ISBLANK(N170), TIME(18,0,0), N170)) - (B170 + IF(ISBLANK(C170), TIME(9,0,0), C170))) * 24), 1))) -> 0 | R170: =IF(ISNUMBER(SEARCH("Complete", H170)), 1, 0) -> 0
A171: =IF(ISBLANK(B171), "", A170+1) | O171: =IF(ISBLANK(B171), 0, IF(ISNUMBER(SEARCH("Complete", H171)), IF(ISBLANK(M171), IF(L171="Closed", 4, ROUND(MAX(0, (NOW() - (B171 + IF(ISBLANK(C171), TIME(9,0,0), C171))) * 24), 1)), ROUND(MAX(0, ((M171 + IF(ISBLANK(N171), TIME(18,0,0), N171)) - (B171 + IF(ISBLANK(C171), TIME(9,0,0), C171))) * 24), 1)), 0)) -> 0 | P171: =ROUND(O171 / 24, 2) -> 0 | Q171: =IF(ISBLANK(B171), 0, IF(ISBLANK(M171), IF(L171="Closed", 4, ROUND(MAX(0, (NOW() - (B171 + IF(ISBLANK(C171), TIME(9,0,0), C171))) * 24), 1)), ROUND(MAX(0, ((M171 + IF(ISBLANK(N171), TIME(18,0,0), N171)) - (B171 + IF(ISBLANK(C171), TIME(9,0,0), C171))) * 24), 1))) -> 0 | R171: =IF(ISNUMBER(SEARCH("Complete", H171)), 1, 0) -> 0
A172: =IF(ISBLANK(B172), "", A171+1) | O172: =IF(ISBLANK(B172), 0, IF(ISNUMBER(SEARCH("Complete", H172)), IF(ISBLANK(M172), IF(L172="Closed", 4, ROUND(MAX(0, (NOW() - (B172 + IF(ISBLANK(C172), TIME(9,0,0), C172))) * 24), 1)), ROUND(MAX(0, ((M172 + IF(ISBLANK(N172), TIME(18,0,0), N172)) - (B172 + IF(ISBLANK(C172), TIME(9,0,0), C172))) * 24), 1)), 0)) -> 0 | P172: =ROUND(O172 / 24, 2) -> 0 | Q172: =IF(ISBLANK(B172), 0, IF(ISBLANK(M172), IF(L172="Closed", 4, ROUND(MAX(0, (NOW() - (B172 + IF(ISBLANK(C172), TIME(9,0,0), C172))) * 24), 1)), ROUND(MAX(0, ((M172 + IF(ISBLANK(N172), TIME(18,0,0), N172)) - (B172 + IF(ISBLANK(C172), TIME(9,0,0), C172))) * 24), 1))) -> 0 | R172: =IF(ISNUMBER(SEARCH("Complete", H172)), 1, 0) -> 0
A173: =IF(ISBLANK(B173), "", A172+1) | O173: =IF(ISBLANK(B173), 0, IF(ISNUMBER(SEARCH("Complete", H173)), IF(ISBLANK(M173), IF(L173="Closed", 4, ROUND(MAX(0, (NOW() - (B173 + IF(ISBLANK(C173), TIME(9,0,0), C173))) * 24), 1)), ROUND(MAX(0, ((M173 + IF(ISBLANK(N173), TIME(18,0,0), N173)) - (B173 + IF(ISBLANK(C173), TIME(9,0,0), C173))) * 24), 1)), 0)) -> 0 | P173: =ROUND(O173 / 24, 2) -> 0 | Q173: =IF(ISBLANK(B173), 0, IF(ISBLANK(M173), IF(L173="Closed", 4, ROUND(MAX(0, (NOW() - (B173 + IF(ISBLANK(C173), TIME(9,0,0), C173))) * 24), 1)), ROUND(MAX(0, ((M173 + IF(ISBLANK(N173), TIME(18,0,0), N173)) - (B173 + IF(ISBLANK(C173), TIME(9,0,0), C173))) * 24), 1))) -> 0 | R173: =IF(ISNUMBER(SEARCH("Complete", H173)), 1, 0) -> 0
A174: =IF(ISBLANK(B174), "", A173+1) | O174: =IF(ISBLANK(B174), 0, IF(ISNUMBER(SEARCH("Complete", H174)), IF(ISBLANK(M174), IF(L174="Closed", 4, ROUND(MAX(0, (NOW() - (B174 + IF(ISBLANK(C174), TIME(9,0,0), C174))) * 24), 1)), ROUND(MAX(0, ((M174 + IF(ISBLANK(N174), TIME(18,0,0), N174)) - (B174 + IF(ISBLANK(C174), TIME(9,0,0), C174))) * 24), 1)), 0)) -> 0 | P174: =ROUND(O174 / 24, 2) -> 0 | Q174: =IF(ISBLANK(B174), 0, IF(ISBLANK(M174), IF(L174="Closed", 4, ROUND(MAX(0, (NOW() - (B174 + IF(ISBLANK(C174), TIME(9,0,0), C174))) * 24), 1)), ROUND(MAX(0, ((M174 + IF(ISBLANK(N174), TIME(18,0,0), N174)) - (B174 + IF(ISBLANK(C174), TIME(9,0,0), C174))) * 24), 1))) -> 0 | R174: =IF(ISNUMBER(SEARCH("Complete", H174)), 1, 0) -> 0
A175: =IF(ISBLANK(B175), "", A174+1) | O175: =IF(ISBLANK(B175), 0, IF(ISNUMBER(SEARCH("Complete", H175)), IF(ISBLANK(M175), IF(L175="Closed", 4, ROUND(MAX(0, (NOW() - (B175 + IF(ISBLANK(C175), TIME(9,0,0), C175))) * 24), 1)), ROUND(MAX(0, ((M175 + IF(ISBLANK(N175), TIME(18,0,0), N175)) - (B175 + IF(ISBLANK(C175), TIME(9,0,0), C175))) * 24), 1)), 0)) -> 0 | P175: =ROUND(O175 / 24, 2) -> 0 | Q175: =IF(ISBLANK(B175), 0, IF(ISBLANK(M175), IF(L175="Closed", 4, ROUND(MAX(0, (NOW() - (B175 + IF(ISBLANK(C175), TIME(9,0,0), C175))) * 24), 1)), ROUND(MAX(0, ((M175 + IF(ISBLANK(N175), TIME(18,0,0), N175)) - (B175 + IF(ISBLANK(C175), TIME(9,0,0), C175))) * 24), 1))) -> 0 | R175: =IF(ISNUMBER(SEARCH("Complete", H175)), 1, 0) -> 0
A176: =IF(ISBLANK(B176), "", A175+1) | O176: =IF(ISBLANK(B176), 0, IF(ISNUMBER(SEARCH("Complete", H176)), IF(ISBLANK(M176), IF(L176="Closed", 4, ROUND(MAX(0, (NOW() - (B176 + IF(ISBLANK(C176), TIME(9,0,0), C176))) * 24), 1)), ROUND(MAX(0, ((M176 + IF(ISBLANK(N176), TIME(18,0,0), N176)) - (B176 + IF(ISBLANK(C176), TIME(9,0,0), C176))) * 24), 1)), 0)) -> 0 | P176: =ROUND(O176 / 24, 2) -> 0 | Q176: =IF(ISBLANK(B176), 0, IF(ISBLANK(M176), IF(L176="Closed", 4, ROUND(MAX(0, (NOW() - (B176 + IF(ISBLANK(C176), TIME(9,0,0), C176))) * 24), 1)), ROUND(MAX(0, ((M176 + IF(ISBLANK(N176), TIME(18,0,0), N176)) - (B176 + IF(ISBLANK(C176), TIME(9,0,0), C176))) * 24), 1))) -> 0 | R176: =IF(ISNUMBER(SEARCH("Complete", H176)), 1, 0) -> 0
A177: =IF(ISBLANK(B177), "", A176+1) | O177: =IF(ISBLANK(B177), 0, IF(ISNUMBER(SEARCH("Complete", H177)), IF(ISBLANK(M177), IF(L177="Closed", 4, ROUND(MAX(0, (NOW() - (B177 + IF(ISBLANK(C177), TIME(9,0,0), C177))) * 24), 1)), ROUND(MAX(0, ((M177 + IF(ISBLANK(N177), TIME(18,0,0), N177)) - (B177 + IF(ISBLANK(C177), TIME(9,0,0), C177))) * 24), 1)), 0)) -> 0 | P177: =ROUND(O177 / 24, 2) -> 0 | Q177: =IF(ISBLANK(B177), 0, IF(ISBLANK(M177), IF(L177="Closed", 4, ROUND(MAX(0, (NOW() - (B177 + IF(ISBLANK(C177), TIME(9,0,0), C177))) * 24), 1)), ROUND(MAX(0, ((M177 + IF(ISBLANK(N177), TIME(18,0,0), N177)) - (B177 + IF(ISBLANK(C177), TIME(9,0,0), C177))) * 24), 1))) -> 0 | R177: =IF(ISNUMBER(SEARCH("Complete", H177)), 1, 0) -> 0
A200: =IF(ISBLANK(B200), "", A177+1) | O200: =IF(ISBLANK(B200), 0, IF(ISNUMBER(SEARCH("Complete", H200)), IF(ISBLANK(M200), IF(L200="Closed", 4, ROUND(MAX(0, (NOW() - (B200 + IF(ISBLANK(C200), TIME(9,0,0), C200))) * 24), 1)), ROUND(MAX(0, ((M200 + IF(ISBLANK(N200), TIME(18,0,0), N200)) - (B200 + IF(ISBLANK(C200), TIME(9,0,0), C200))) * 24), 1)), 0)) -> 0 | P200: =ROUND(O200 / 24, 2) -> 0 | Q200: =IF(ISBLANK(B200), 0, IF(ISBLANK(M200), IF(L200="Closed", 4, ROUND(MAX(0, (NOW() - (B200 + IF(ISBLANK(C200), TIME(9,0,0), C200))) * 24), 1)), ROUND(MAX(0, ((M200 + IF(ISBLANK(N200), TIME(18,0,0), N200)) - (B200 + IF(ISBLANK(C200), TIME(9,0,0), C200))) * 24), 1))) -> 0 | R200: =IF(ISNUMBER(SEARCH("Complete", H200)), 1, 0) -> 0
A201: TOTAL | O201: =SUM(O3:O200) -> 6084.8 | P201: =SUM(P3:P200) -> 253.55 | Q201: =SUM(Q3:Q200) -> 21853.1 | R201: =SUM(R3:R200) -> 44

Sheet 📁 Historical Tracker 2024-2025
A1: 🏢 CBRE FACILITY MANAGEMENT — HISTORICAL BREAKDOWN RECORD (2024 - 2025)
A2: Consolidated Archive Log | Historical Equipment Breakdown & Downtime Data
A4: Sr. No. | B4: Start Date | C4: Start Time | D4: Equipment / Asset | E4: Category | F4: Location / Zone | G4: Nature of Breakdown / Malfunction | H4: Operational Impact | I4: Ticket No. | J4: Action Taken / Resolution Summary | K4: Handled By | L4: Status | M4: Closing Date | N4: Closing Time | O4: Breakdown Downtime (Hrs) | P4: Breakdown Downtime (Days) | Q4: Total Lead Time (Hrs) | R4: Complete Breakdown Flag | S4: Remarks / Vendor Details
A5: 1 | B5: 45391 | C5: 0.41666667 | D5: Bain Marie | E5: Cafeteria Equipment | F5: Main Facility Floor | G5: Bain Marie industrial power Socket got melt during operations. | H5: 🔴 Complete Breakdown (Full Downtime) | I5: N/A | J5: Rectified and normal operation restored | K5: Project Team | L5: Closed | M5: 45391 | N5: 0.75 | O5: =IF(ISBLANK(B5), 0, IF(ISNUMBER(SEARCH("Complete", H5)), IF(ISBLANK(M5), IF(L5="Closed", 4, ROUND(MAX(0, (NOW() - (B5 + IF(ISBLANK(C5), TIME(9,0,0), C5))) * 24), 1)), ROUND(MAX(0, ((M5 + IF(ISBLANK(N5), TIME(18,0,0), N5)) - (B5 + IF(ISBLANK(C5), TIME(9,0,0), C5))) * 24), 1)), 0)) -> 8 | P5: =ROUND(O5 / 24, 2) -> 0.33 | Q5: =IF(ISBLANK(B5), 0, IF(ISBLANK(M5), IF(L5="Closed", 4, ROUND(MAX(0, (NOW() - (B5 + IF(ISBLANK(C5), TIME(9,0,0), C5))) * 24), 1)), ROUND(MAX(0, ((M5 + IF(ISBLANK(N5), TIME(18,0,0), N5)) - (B5 + IF(ISBLANK(C5), TIME(9,0,0), C5))) * 24), 1))) -> 8 | R5: =IF(ISNUMBER(SEARCH("Complete", H5)), 1, 0) -> 1 | S5: Standard Resolution
A6: 2 | B6: 45395 | C6: 0.54166667 | D6: Zip Tap | E6: Water & Plumbing | F6: Social Hub 2 | G6: Social hub 2 zip tap sensor not working | H6: 🔴 Complete Breakdown (Full Downtime) | I6: 192855 | J6: Inspected, serviced and restored to normal operation by In-House Team | K6: In-House Team | L6: Closed | M6: 45397 | N6: 0.75 | O6: =IF(ISBLANK(B6), 0, IF(ISNUMBER(SEARCH("Complete", H6)), IF(ISBLANK(M6), IF(L6="Closed", 4, ROUND(MAX(0, (NOW() - (B6 + IF(ISBLANK(C6), TIME(9,0,0), C6))) * 24), 1)), ROUND(MAX(0, ((M6 + IF(ISBLANK(N6), TIME(18,0,0), N6)) - (B6 + IF(ISBLANK(C6), TIME(9,0,0), C6))) * 24), 1)), 0)) -> 53 | P6: =ROUND(O6 / 24, 2) -> 2.21 | Q6: =IF(ISBLANK(B6), 0, IF(ISBLANK(M6), IF(L6="Closed", 4, ROUND(MAX(0, (NOW() - (B6 + IF(ISBLANK(C6), TIME(9,0,0), C6))) * 24), 1)), ROUND(MAX(0, ((M6 + IF(ISBLANK(N6), TIME(18,0,0), N6)) - (B6 + IF(ISBLANK(C6), TIME(9,0,0), C6))) * 24), 1))) -> 53 | R6: =IF(ISNUMBER(SEARCH("Complete", H6)), 1, 0) -> 1 | S6: Standard Resolution
A7: 3 | B7: 45404 | C7: 0.45833333 | D7: Zip Tap | E7: Water & Plumbing | F7: Social Hub 1 | G7: Social hub 1 Zip Tap cold water sensor not working | H7: 🔴 Complete Breakdown (Full Downtime) | I7: 192920 | J7: Inspected, serviced and restored to normal operation by In-House Team | K7: In-House Team | L7: Closed | M7: 45404 | N7: 0.75 | O7: =IF(ISBLANK(B7), 0, IF(ISNUMBER(SEARCH("Complete", H7)), IF(ISBLANK(M7), IF(L7="Closed", 4, ROUND(MAX(0, (NOW() - (B7 + IF(ISBLANK(C7), TIME(9,0,0), C7))) * 24), 1)), ROUND(MAX(0, ((M7 + IF(ISBLANK(N7), TIME(18,0,0), N7)) - (B7 + IF(ISBLANK(C7), TIME(9,0,0), C7))) * 24), 1)), 0)) -> 7 | P7: =ROUND(O7 / 24, 2) -> 0.29 | Q7: =IF(ISBLANK(B7), 0, IF(ISBLANK(M7), IF(L7="Closed", 4, ROUND(MAX(0, (NOW() - (B7 + IF(ISBLANK(C7), TIME(9,0,0), C7))) * 24), 1)), ROUND(MAX(0, ((M7 + IF(ISBLANK(N7), TIME(18,0,0), N7)) - (B7 + IF(ISBLANK(C7), TIME(9,0,0), C7))) * 24), 1))) -> 7 | R7: =IF(ISNUMBER(SEARCH("Complete", H7)), 1, 0) -> 1 | S7: Standard Resolution
A8: 4 | B8: 45405 | C8: 0.5625 | D8: Zip Tap | E8: Water & Plumbing | F8: Cafeteria / Pantry | G8: Cafeteria area zip tap water leakage issue | H8: 🟡 Partial Breakdown (Machine Operational) | I8: 198213 | J8: Inspected, serviced and restored to normal operation by In-House Team | K8: In-House Team | L8: Closed | M8: 45405 | N8: 0.75 | O8: =IF(ISBLANK(B8), 0, IF(ISNUMBER(SEARCH("Complete", H8)), IF(ISBLANK(M8), IF(L8="Closed", 4, ROUND(MAX(0, (NOW() - (B8 + IF(ISBLANK(C8), TIME(9,0,0), C8))) * 24), 1)), ROUND(MAX(0, ((M8 + IF(ISBLANK(N8), TIME(18,0,0), N8)) - (B8 + IF(ISBLANK(C8), TIME(9,0,0), C8))) * 24), 1)), 0)) -> 0 | P8: =ROUND(O8 / 24, 2) -> 0 | Q8: =IF(ISBLANK(B8), 0, IF(ISBLANK(M8), IF(L8="Closed", 4, ROUND(MAX(0, (NOW() - (B8 + IF(ISBLANK(C8), TIME(9,0,0), C8))) * 24), 1)), ROUND(MAX(0, ((M8 + IF(ISBLANK(N8), TIME(18,0,0), N8)) - (B8 + IF(ISBLANK(C8), TIME(9,0,0), C8))) * 24), 1))) -> 4.5 | R8: =IF(ISNUMBER(SEARCH("Complete", H8)), 1, 0) -> 0 | S8: Standard Resolution
A9: 5 | B9: 45408 | C9: 0.58333333 | D9: Flap Barrier Gate | E9: Doors & Access Gates | F9: Cafeteria / Pantry | G9: Cafeteria side flap barrier not working | H9: 🔴 Complete Breakdown (Full Downtime) | I9: 201278 | J9: Inspected, serviced and restored to normal operation by In-House Team | K9: In-House Team | L9: Closed | M9: 45410 | N9: 0.75 | O9: =IF(ISBLANK(B9), 0, IF(ISNUMBER(SEARCH("Complete", H9)), IF(ISBLANK(M9), IF(L9="Closed", 4, ROUND(MAX(0, (NOW() - (B9 + IF(ISBLANK(C9), TIME(9,0,0), C9))) * 24), 1)), ROUND(MAX(0, ((M9 + IF(ISBLANK(N9), TIME(18,0,0), N9)) - (B9 + IF(ISBLANK(C9), TIME(9,0,0), C9))) * 24), 1)), 0)) -> 52 | P9: =ROUND(O9 / 24, 2) -> 2.17 | Q9: =IF(ISBLANK(B9), 0, IF(ISBLANK(M9), IF(L9="Closed", 4, ROUND(MAX(0, (NOW() - (B9 + IF(ISBLANK(C9), TIME(9,0,0), C9))) * 24), 1)), ROUND(MAX(0, ((M9 + IF(ISBLANK(N9), TIME(18,0,0), N9)) - (B9 + IF(ISBLANK(C9), TIME(9,0,0), C9))) * 24), 1))) -> 52 | R9: =IF(ISNUMBER(SEARCH("Complete", H9)), 1, 0) -> 1 | S9: Standard Resolution
A10: 6 | B10: 45413 | C10: 0.3125 | D10: Zip Tap | E10: Water & Plumbing | F10: Main Facility Floor | G10: Zip tap not working due to malfunction | H10: 🔴 Complete Breakdown (Full Downtime) | I10: 258285 | J10: Inspected, serviced and restored to normal operation by In-House Team | K10: In-House Team | L10: Closed | M10: 45413 | N10: 0.75 | O10: =IF(ISBLANK(B10), 0, IF(ISNUMBER(SEARCH("Complete", H10)), IF(ISBLANK(M10), IF(L10="Closed", 4, ROUND(MAX(0, (NOW() - (B10 + IF(ISBLANK(C10), TIME(9,0,0), C10))) * 24), 1)), ROUND(MAX(0, ((M10 + IF(ISBLANK(N10), TIME(18,0,0), N10)) - (B10 + IF(ISBLANK(C10), TIME(9,0,0), C10))) * 24), 1)), 0)) -> 10.5 | P10: =ROUND(O10 / 24, 2) -> 0.44 | Q10: =IF(ISBLANK(B10), 0, IF(ISBLANK(M10), IF(L10="Closed", 4, ROUND(MAX(0, (NOW() - (B10 + IF(ISBLANK(C10), TIME(9,0,0), C10))) * 24), 1)), ROUND(MAX(0, ((M10 + IF(ISBLANK(N10), TIME(18,0,0), N10)) - (B10 + IF(ISBLANK(C10), TIME(9,0,0), C10))) * 24), 1))) -> 10.5 | R10: =IF(ISNUMBER(SEARCH("Complete", H10)), 1, 0) -> 1 | S10: Standard Resolution
A11: 7 | B11: 45416 | C11: 0.3 | D11: Zip Tap | E11: Water & Plumbing | F11: Cafeteria / Pantry | G11: Cafeteria area zip tap water leakage issue | H11: 🟡 Partial Breakdown (Machine Operational) | I11: 2836452 | J11: Inspected, serviced and restored to normal operation by In-House Team | K11: In-House Team | L11: Closed | M11: 45416 | N11: 0.75 | O11: =IF(ISBLANK(B11), 0, IF(ISNUMBER(SEARCH("Complete", H11)), IF(ISBLANK(M11), IF(L11="Closed", 4, ROUND(MAX(0, (NOW() - (B11 + IF(ISBLANK(C11), TIME(9,0,0), C11))) * 24), 1)), ROUND(MAX(0, ((M11 + IF(ISBLANK(N11), TIME(18,0,0), N11)) - (B11 + IF(ISBLANK(C11), TIME(9,0,0), C11))) * 24), 1)), 0)) -> 0 | P11: =ROUND(O11 / 24, 2) -> 0 | Q11: =IF(ISBLANK(B11), 0, IF(ISBLANK(M11), IF(L11="Closed", 4, ROUND(MAX(0, (NOW() - (B11 + IF(ISBLANK(C11), TIME(9,0,0), C11))) * 24), 1)), ROUND(MAX(0, ((M11 + IF(ISBLANK(N11), TIME(18,0,0), N11)) - (B11 + IF(ISBLANK(C11), TIME(9,0,0), C11))) * 24), 1))) -> 10.8 | R11: =IF(ISNUMBER(SEARCH("Complete", H11)), 1, 0) -> 0 | S11: Standard Resolution
A12: 8 | B12: 45421 | C12: 0.58333333 | D12: Zip Tap | E12: Water & Plumbing | F12: Main Facility Floor | G12: F Zone zip tap water leakage issue | H12: 🟡 Partial Breakdown (Machine Operational) | I12: 2948536 | J12: Inspected, serviced and restored to normal operation by In-House Team | K12: In-House Team | L12: Closed | M12: 45421 | N12: 0.75 | O12: =IF(ISBLANK(B12), 0, IF(ISNUMBER(SEARCH("Complete", H12)), IF(ISBLANK(M12), IF(L12="Closed", 4, ROUND(MAX(0, (NOW() - (B12 + IF(ISBLANK(C12), TIME(9,0,0), C12))) * 24), 1)), ROUND(MAX(0, ((M12 + IF(ISBLANK(N12), TIME(18,0,0), N12)) - (B12 + IF(ISBLANK(C12), TIME(9,0,0), C12))) * 24), 1)), 0)) -> 0 | P12: =ROUND(O12 / 24, 2) -> 0 | Q12: =IF(ISBLANK(B12), 0, IF(ISBLANK(M12), IF(L12="Closed", 4, ROUND(MAX(0, (NOW() - (B12 + IF(ISBLANK(C12), TIME(9,0,0), C12))) * 24), 1)), ROUND(MAX(0, ((M12 + IF(ISBLANK(N12), TIME(18,0,0), N12)) - (B12 + IF(ISBLANK(C12), TIME(9,0,0), C12))) * 24), 1))) -> 4 | R12: =IF(ISNUMBER(SEARCH("Complete", H12)), 1, 0) -> 0 | S12: Standard Resolution
A13: 9 | B13: 45423 | C13: 0.41666667 | D13: Flap Barrier Gate | E13: Doors & Access Gates | F13: Reception Area | G13: Reception area side flap barrier not working | H13: 🔴 Complete Breakdown (Full Downtime) | I13: 321267 | J13: Inspected, serviced and restored to normal operation by In-House Team | K13: In-House Team | L13: Closed | M13: 45423 | N13: 0.75 | O13: =IF(ISBLANK(B13), 0, IF(ISNUMBER(SEARCH("Complete", H13)), IF(ISBLANK(M13), IF(L13="Closed", 4, ROUND(MAX(0, (NOW() - (B13 + IF(ISBLANK(C13), TIME(9,0,0), C13))) * 24), 1)), ROUND(MAX(0, ((M13 + IF(ISBLANK(N13), TIME(18,0,0), N13)) - (B13 + IF(ISBLANK(C13), TIME(9,0,0), C13))) * 24), 1)), 0)) -> 8 | P13: =ROUND(O13 / 24, 2) -> 0.33 | Q13: =IF(ISBLANK(B13), 0, IF(ISBLANK(M13), IF(L13="Closed", 4, ROUND(MAX(0, (NOW() - (B13 + IF(ISBLANK(C13), TIME(9,0,0), C13))) * 24), 1)), ROUND(MAX(0, ((M13 + IF(ISBLANK(N13), TIME(18,0,0), N13)) - (B13 + IF(ISBLANK(C13), TIME(9,0,0), C13))) * 24), 1))) -> 8 | R13: =IF(ISNUMBER(SEARCH("Complete", H13)), 1, 0) -> 1 | S13: Standard Resolution
A14: 10 | B14: 45425 | C14: 0.58333333 | D14: Zip Tap | E14: Water & Plumbing | F14: Cafeteria / Pantry | G14: Cafeteria area zip tap water leakage issue | H14: 🟡 Partial Breakdown (Machine Operational) | I14: 3012321 | J14: Inspected, serviced and restored to normal operation by In-House Team | K14: In-House Team | L14: Closed | M14: 45425 | N14: 0.75 | O14: =IF(ISBLANK(B14), 0, IF(ISNUMBER(SEARCH("Complete", H14)), IF(ISBLANK(M14), IF(L14="Closed", 4, ROUND(MAX(0, (NOW() - (B14 + IF(ISBLANK(C14), TIME(9,0,0), C14))) * 24), 1)), ROUND(MAX(0, ((M14 + IF(ISBLANK(N14), TIME(18,0,0), N14)) - (B14 + IF(ISBLANK(C14), TIME(9,0,0), C14))) * 24), 1)), 0)) -> 0 | P14: =ROUND(O14 / 24, 2) -> 0 | Q14: =IF(ISBLANK(B14), 0, IF(ISBLANK(M14), IF(L14="Closed", 4, ROUND(MAX(0, (NOW() - (B14 + IF(ISBLANK(C14), TIME(9,0,0), C14))) * 24), 1)), ROUND(MAX(0, ((M14 + IF(ISBLANK(N14), TIME(18,0,0), N14)) - (B14 + IF(ISBLANK(C14), TIME(9,0,0), C14))) * 24), 1))) -> 4 | R14: =IF(ISNUMBER(SEARCH("Complete", H14)), 1, 0) -> 0 | S14: Standard Resolution
A15: 11 | B15: 45427 | C15: 0.33333333 | D15: Flap Barrier Gate | E15: Doors & Access Gates | F15: Reception Area | G15: Reception area side flap barrier not working | H15: 🔴 Complete Breakdown (Full Downtime) | I15: 331290 | J15: Inspected, serviced and restored to normal operation by In-House Team | K15: In-House Team | L15: Closed | M15: 45428 | N15: 0.75 | O15: =IF(ISBLANK(B15), 0, IF(ISNUMBER(SEARCH("Complete", H15)), IF(ISBLANK(M15), IF(L15="Closed", 4, ROUND(MAX(0, (NOW() - (B15 + IF(ISBLANK(C15), TIME(9,0,0), C15))) * 24), 1)), ROUND(MAX(0, ((M15 + IF(ISBLANK(N15), TIME(18,0,0), N15)) - (B15 + IF(ISBLANK(C15), TIME(9,0,0), C15))) * 24), 1)), 0)) -> 34 | P15: =ROUND(O15 / 24, 2) -> 1.42 | Q15: =IF(ISBLANK(B15), 0, IF(ISBLANK(M15), IF(L15="Closed", 4, ROUND(MAX(0, (NOW() - (B15 + IF(ISBLANK(C15), TIME(9,0,0), C15))) * 24), 1)), ROUND(MAX(0, ((M15 + IF(ISBLANK(N15), TIME(18,0,0), N15)) - (B15 + IF(ISBLANK(C15), TIME(9,0,0), C15))) * 24), 1))) -> 34 | R15: =IF(ISNUMBER(SEARCH("Complete", H15)), 1, 0) -> 1 | S15: Standard Resolution
A16: 12 | B16: 45432 | C16: 0.375 | D16: Zip Tap | E16: Water & Plumbing | F16: Main Facility Floor | G16: F zone zip tap Not working | H16: 🔴 Complete Breakdown (Full Downtime) | I16: 198442 | J16: Inspected, serviced and restored to normal operation by In-House Team | K16: In-House Team | L16: Closed | M16: 45432 | N16: 0.75 | O16: =IF(ISBLANK(B16), 0, IF(ISNUMBER(SEARCH("Complete", H16)), IF(ISBLANK(M16), IF(L16="Closed", 4, ROUND(MAX(0, (NOW() - (B16 + IF(ISBLANK(C16), TIME(9,0,0), C16))) * 24), 1)), ROUND(MAX(0, ((M16 + IF(ISBLANK(N16), TIME(18,0,0), N16)) - (B16 + IF(ISBLANK(C16), TIME(9,0,0), C16))) * 24), 1)), 0)) -> 9 | P16: =ROUND(O16 / 24, 2) -> 0.38 | Q16: =IF(ISBLANK(B16), 0, IF(ISBLANK(M16), IF(L16="Closed", 4, ROUND(MAX(0, (NOW() - (B16 + IF(ISBLANK(C16), TIME(9,0,0), C16))) * 24), 1)), ROUND(MAX(0, ((M16 + IF(ISBLANK(N16), TIME(18,0,0), N16)) - (B16 + IF(ISBLANK(C16), TIME(9,0,0), C16))) * 24), 1))) -> 9 | R16: =IF(ISNUMBER(SEARCH("Complete", H16)), 1, 0) -> 1 | S16: Standard Resolution
... A172: 168 | B172: 45814 | C172: 0.41666667 | D172: Glass Door | E172: Doors & Access Gates | F172: Cafeteria / Pantry | G172: Cafeteria Entrance door Closing issue | H172: 🟡 Partial Breakdown (Machine Operational) | I172: N/A | J172: Inspected, serviced and restored to normal operation by In-House Team | K172: In-House Team | L172: Closed | M172: 45816 | N172: 0.75 | O172: =IF(ISBLANK(B172), 0, IF(ISNUMBER(SEARCH("Complete", H172)), IF(ISBLANK(M172), IF(L172="Closed", 4, ROUND(MAX(0, (NOW() - (B172 + IF(ISBLANK(C172), TIME(9,0,0), C172))) * 24), 1)), ROUND(MAX(0, ((M172 + IF(ISBLANK(N172), TIME(18,0,0), N172)) - (B172 + IF(ISBLANK(C172), TIME(9,0,0), C172))) * 24), 1)), 0)) -> 0 | P172: =ROUND(O172 / 24, 2) -> 0 | Q172: =IF(ISBLANK(B172), 0, IF(ISBLANK(M172), IF(L172="Closed", 4, ROUND(MAX(0, (NOW() - (B172 + IF(ISBLANK(C172), TIME(9,0,0), C172))) * 24), 1)), ROUND(MAX(0, ((M172 + IF(ISBLANK(N172), TIME(18,0,0), N172)) - (B172 + IF(ISBLANK(C172), TIME(9,0,0), C172))) * 24), 1))) -> 56 | R172: =IF(ISNUMBER(SEARCH("Complete", H172)), 1, 0) -> 0 | S172: Repaired by inhouse team
A173: 169 | B173: 45814 | C173: 0.58333333 | D173: Toaster Machine | E173: Cafeteria Equipment | F173: Cafeteria / Pantry | G173: Cafeteria Toaster Motor Defective issue | H173: 🔴 Complete Breakdown (Full Downtime) | I173: N/A | J173: Investigation in progress; technician / spare parts aligned | K173: In-House Team | L173: In Progress (WIP) | O173: =IF(ISBLANK(B173), 0, IF(ISNUMBER(SEARCH("Complete", H173)), IF(ISBLANK(M173), IF(L173="Closed", 4, ROUND(MAX(0, (NOW() - (B173 + IF(ISBLANK(C173), TIME(9,0,0), C173))) * 24), 1)), ROUND(MAX(0, ((M173 + IF(ISBLANK(N173), TIME(18,0,0), N173)) - (B173 + IF(ISBLANK(C173), TIME(9,0,0), C173))) * 24), 1)), 0)) -> 10539.9 | P173: =ROUND(O173 / 24, 2) -> 439.16 | Q173: =IF(ISBLANK(B173), 0, IF(ISBLANK(M173), IF(L173="Closed", 4, ROUND(MAX(0, (NOW() - (B173 + IF(ISBLANK(C173), TIME(9,0,0), C173))) * 24), 1)), ROUND(MAX(0, ((M173 + IF(ISBLANK(N173), TIME(18,0,0), N173)) - (B173 + IF(ISBLANK(C173), TIME(9,0,0), C173))) * 24), 1))) -> 10539.9 | R173: =IF(ISNUMBER(SEARCH("Complete", H173)), 1, 0) -> 1 | S173: Standard Resolution
A174: 170 | B174: 45814 | C174: 0.60416667 | D174: Ice Maker Machine | E174: Cafeteria Equipment | F174: Zone F - Social Hub | G174: Zone - F Social Hub ice machine Solenoid Valve Defective | H174: 🔴 Complete Breakdown (Full Downtime) | I174: N/A | J174: OEM Vendor technician aligned, issue diagnosed & rectified | K174: Vendor / OEM | L174: Closed | M174: 45858 | N174: 0.75 | O174: =IF(ISBLANK(B174), 0, IF(ISNUMBER(SEARCH("Complete", H174)), IF(ISBLANK(M174), IF(L174="Closed", 4, ROUND(MAX(0, (NOW() - (B174 + IF(ISBLANK(C174), TIME(9,0,0), C174))) * 24), 1)), ROUND(MAX(0, ((M174 + IF(ISBLANK(N174), TIME(18,0,0), N174)) - (B174 + IF(ISBLANK(C174), TIME(9,0,0), C174))) * 24), 1)), 0)) -> 1059.5 | P174: =ROUND(O174 / 24, 2) -> 44.15 | Q174: =IF(ISBLANK(B174), 0, IF(ISBLANK(M174), IF(L174="Closed", 4, ROUND(MAX(0, (NOW() - (B174 + IF(ISBLANK(C174), TIME(9,0,0), C174))) * 24), 1)), ROUND(MAX(0, ((M174 + IF(ISBLANK(N174), TIME(18,0,0), N174)) - (B174 + IF(ISBLANK(C174), TIME(9,0,0), C174))) * 24), 1))) -> 1059.5 | R174: =IF(ISNUMBER(SEARCH("Complete", H174)), 1, 0) -> 1 | S174: Vendor aligned
A175: 171 | B175: 45824 | C175: 0.70833333 | D175: PAC (Precision Air Conditioner) | E175: HVAC & Cooling | F175: Server Room | G175: Server room pac no- 1 lp alarm issue | H175: 🟡 Partial Breakdown (Machine Operational) | I175: N/A | J175: OEM Vendor technician aligned, issue diagnosed & rectified | K175: Vendor / OEM | L175: Closed | M175: 45824 | N175: 0.75 | O175: =IF(ISBLANK(B175), 0, IF(ISNUMBER(SEARCH("Complete", H175)), IF(ISBLANK(M175), IF(L175="Closed", 4, ROUND(MAX(0, (NOW() - (B175 + IF(ISBLANK(C175), TIME(9,0,0), C175))) * 24), 1)), ROUND(MAX(0, ((M175 + IF(ISBLANK(N175), TIME(18,0,0), N175)) - (B175 + IF(ISBLANK(C175), TIME(9,0,0), C175))) * 24), 1)), 0)) -> 0 | P175: =ROUND(O175 / 24, 2) -> 0 | Q175: =IF(ISBLANK(B175), 0, IF(ISBLANK(M175), IF(L175="Closed", 4, ROUND(MAX(0, (NOW() - (B175 + IF(ISBLANK(C175), TIME(9,0,0), C175))) * 24), 1)), ROUND(MAX(0, ((M175 + IF(ISBLANK(N175), TIME(18,0,0), N175)) - (B175 + IF(ISBLANK(C175), TIME(9,0,0), C175))) * 24), 1))) -> 1 | R175: =IF(ISNUMBER(SEARCH("Complete", H175)), 1, 0) -> 0 | S175: Vendor aligned
A176: 172 | B176: 45828 | C176: 0.50694444 | D176: Zip Tap | E176: Water & Plumbing | F176: Reception Area | G176: Reception zip tap water leakage issue | H176: 🟡 Partial Breakdown (Machine Operational) | I176: 65444 | J176: OEM Vendor technician aligned, issue diagnosed & rectified | K176: Vendor / OEM | L176: Closed | M176: 45829 | N176: 0.75 | O176: =IF(ISBLANK(B176), 0, IF(ISNUMBER(SEARCH("Complete", H176)), IF(ISBLANK(M176), IF(L176="Closed", 4, ROUND(MAX(0, (NOW() - (B176 + IF(ISBLANK(C176), TIME(9,0,0), C176))) * 24), 1)), ROUND(MAX(0, ((M176 + IF(ISBLANK(N176), TIME(18,0,0), N176)) - (B176 + IF(ISBLANK(C176), TIME(9,0,0), C176))) * 24), 1)), 0)) -> 0 | P176: =ROUND(O176 / 24, 2) -> 0 | Q176: =IF(ISBLANK(B176), 0, IF(ISBLANK(M176), IF(L176="Closed", 4, ROUND(MAX(0, (NOW() - (B176 + IF(ISBLANK(C176), TIME(9,0,0), C176))) * 24), 1)), ROUND(MAX(0, ((M176 + IF(ISBLANK(N176), TIME(18,0,0), N176)) - (B176 + IF(ISBLANK(C176), TIME(9,0,0), C176))) * 24), 1))) -> 29.8 | R176: =IF(ISNUMBER(SEARCH("Complete", H176)), 1, 0) -> 0 | S176: Vendor aligned
A177: 173 | B177: 45828 | C177: 0.45833333 | D177: Lighting Circuit / Fixture | E177: Electrical & Power | F177: Main Facility Floor | G177: Washrooms ceiling grazer faulty lights Repair | H177: 🔴 Complete Breakdown (Full Downtime) | I177: 10343472 | J177: OEM Vendor technician aligned, issue diagnosed & rectified | K177: Vendor / OEM | L177: Closed | M177: 45829 | N177: 0.75 | O177: =IF(ISBLANK(B177), 0, IF(ISNUMBER(SEARCH("Complete", H177)), IF(ISBLANK(M177), IF(L177="Closed", 4, ROUND(MAX(0, (NOW() - (B177 + IF(ISBLANK(C177), TIME(9,0,0), C177))) * 24), 1)), ROUND(MAX(0, ((M177 + IF(ISBLANK(N177), TIME(18,0,0), N177)) - (B177 + IF(ISBLANK(C177), TIME(9,0,0), C177))) * 24), 1)), 0)) -> 31 | P177: =ROUND(O177 / 24, 2) -> 1.29 | Q177: =IF(ISBLANK(B177), 0, IF(ISBLANK(M177), IF(L177="Closed", 4, ROUND(MAX(0, (NOW() - (B177 + IF(ISBLANK(C177), TIME(9,0,0), C177))) * 24), 1)), ROUND(MAX(0, ((M177 + IF(ISBLANK(N177), TIME(18,0,0), N177)) - (B177 + IF(ISBLANK(C177), TIME(9,0,0), C177))) * 24), 1))) -> 31 | R177: =IF(ISNUMBER(SEARCH("Complete", H177)), 1, 0) -> 1 | S177: Vendor aligned
A178: 174 | B178: 45828 | C178: 0.41666667 | D178: UPS & Battery System | E178: Fire, Safety & BMS | F178: Main Facility Floor | G178: GSS Panel timeing issue | H178: 🟡 Partial Breakdown (Machine Operational) | I178: 710123146 | J178: OEM Vendor technician aligned, issue diagnosed & rectified | K178: Vendor / OEM | L178: Closed | M178: 45830 | N178: 0.75 | O178: =IF(ISBLANK(B178), 0, IF(ISNUMBER(SEARCH("Complete", H178)), IF(ISBLANK(M178), IF(L178="Closed", 4, ROUND(MAX(0, (NOW() - (B178 + IF(ISBLANK(C178), TIME(9,0,0), C178))) * 24), 1)), ROUND(MAX(0, ((M178 + IF(ISBLANK(N178), TIME(18,0,0), N178)) - (B178 + IF(ISBLANK(C178), TIME(9,0,0), C178))) * 24), 1)), 0)) -> 0 | P178: =ROUND(O178 / 24, 2) -> 0 | Q178: =IF(ISBLANK(B178), 0, IF(ISBLANK(M178), IF(L178="Closed", 4, ROUND(MAX(0, (NOW() - (B178 + IF(ISBLANK(C178), TIME(9,0,0), C178))) * 24), 1)), ROUND(MAX(0, ((M178 + IF(ISBLANK(N178), TIME(18,0,0), N178)) - (B178 + IF(ISBLANK(C178), TIME(9,0,0), C178))) * 24), 1))) -> 56 | R178: =IF(ISNUMBER(SEARCH("Complete", H178)), 1, 0) -> 0 | S178: Vendor aligned
A179: 175 | B179: 45828 | C179: 0.375 | D179: Flap Barrier Gate | E179: Doors & Access Gates | F179: Cafeteria / Pantry | G179: Cafeteria speed stile trafic light is not working | H179: 🔴 Complete Breakdown (Full Downtime) | I179: N/A | J179: Inspected, serviced and restored to normal operation by In-House Team | K179: In-House Team | L179: Closed | M179: 45860 | N179: 0.75 | O179: =IF(ISBLANK(B179), 0, IF(ISNUMBER(SEARCH("Complete", H179)), IF(ISBLANK(M179), IF(L179="Closed", 4, ROUND(MAX(0, (NOW() - (B179 + IF(ISBLANK(C179), TIME(9,0,0), C179))) * 24), 1)), ROUND(MAX(0, ((M179 + IF(ISBLANK(N179), TIME(18,0,0), N179)) - (B179 + IF(ISBLANK(C179), TIME(9,0,0), C179))) * 24), 1)), 0)) -> 777 | P179: =ROUND(O179 / 24, 2) -> 32.38 | Q179: =IF(ISBLANK(B179), 0, IF(ISBLANK(M179), IF(L179="Closed", 4, ROUND(MAX(0, (NOW() - (B179 + IF(ISBLANK(C179), TIME(9,0,0), C179))) * 24), 1)), ROUND(MAX(0, ((M179 + IF(ISBLANK(N179), TIME(18,0,0), N179)) - (B179 + IF(ISBLANK(C179), TIME(9,0,0), C179))) * 24), 1))) -> 777 | R179: =IF(ISNUMBER(SEARCH("Complete", H179)), 1, 0) -> 1 | S179: Standard Resolution
A180: 176 | B180: 45831 | C180: 0.33333333 | D180: PA System | E180: Fire, Safety & BMS | F180: Zone E - Female Washroom | G180: Zone E ladies washroom pad vending machine is not working | H180: 🔴 Complete Breakdown (Full Downtime) | I180: N/A | J180: PCB has been changed | K180: In-House Team | L180: Closed | M180: 45832 | N180: 0.75 | O180: =IF(ISBLANK(B180), 0, IF(ISNUMBER(SEARCH("Complete", H180)), IF(ISBLANK(M180), IF(L180="Closed", 4, ROUND(MAX(0, (NOW() - (B180 + IF(ISBLANK(C180), TIME(9,0,0), C180))) * 24), 1)), ROUND(MAX(0, ((M180 + IF(ISBLANK(N180), TIME(18,0,0), N180)) - (B180 + IF(ISBLANK(C180), TIME(9,0,0), C180))) * 24), 1)), 0)) -> 34 | P180: =ROUND(O180 / 24, 2) -> 1.42 | Q180: =IF(ISBLANK(B180), 0, IF(ISBLANK(M180), IF(L180="Closed", 4, ROUND(MAX(0, (NOW() - (B180 + IF(ISBLANK(C180), TIME(9,0,0), C180))) * 24), 1)), ROUND(MAX(0, ((M180 + IF(ISBLANK(N180), TIME(18,0,0), N180)) - (B180 + IF(ISBLANK(C180), TIME(9,0,0), C180))) * 24), 1))) -> 34 | R180: =IF(ISNUMBER(SEARCH("Complete", H180)), 1, 0) -> 1 | S180: PCB has been changed
A181: 177 | B181: 45832 | C181: 0.66666667 | D181: Zip Tap | E181: Water & Plumbing | F181: Zone A - Social Hub | G181: Zone -A Social hub zip tap ambient sensor issue | H181: 🟡 Partial Breakdown (Machine Operational) | I181: 65732 | J181: OEM Vendor technician aligned, issue diagnosed & rectified | K181: Vendor / OEM | L181: Closed | M181: 45832 | N181: 0.75 | O181: =IF(ISBLANK(B181), 0, IF(ISNUMBER(SEARCH("Complete", H181)), IF(ISBLANK(M181), IF(L181="Closed", 4, ROUND(MAX(0, (NOW() - (B181 + IF(ISBLANK(C181), TIME(9,0,0), C181))) * 24), 1)), ROUND(MAX(0, ((M181 + IF(ISBLANK(N181), TIME(18,0,0), N181)) - (B181 + IF(ISBLANK(C181), TIME(9,0,0), C181))) * 24), 1)), 0)) -> 0 | P181: =ROUND(O181 / 24, 2) -> 0 | Q181: =IF(ISBLANK(B181), 0, IF(ISBLANK(M181), IF(L181="Closed", 4, ROUND(MAX(0, (NOW() - (B181 + IF(ISBLANK(C181), TIME(9,0,0), C181))) * 24), 1)), ROUND(MAX(0, ((M181 + IF(ISBLANK(N181), TIME(18,0,0), N181)) - (B181 + IF(ISBLANK(C181), TIME(9,0,0), C181))) * 24), 1))) -> 2 | R181: =IF(ISNUMBER(SEARCH("Complete", H181)), 1, 0) -> 0 | S181: Vendor aligned
A182: 178 | B182: 45835 | C182: 0.41666667 | D182: BMS System | E182: Fire, Safety & BMS | F182: Main Facility Floor | G182: Bms system login error issue | H182: 🟡 Partial Breakdown (Machine Operational) | I182: N/A | J182: OEM Vendor technician aligned, issue diagnosed & rectified | K182: Vendor / OEM | L182: Closed | M182: 45835 | N182: 0.75 | O182: =IF(ISBLANK(B182), 0, IF(ISNUMBER(SEARCH("Complete", H182)), IF(ISBLANK(M182), IF(L182="Closed", 4, ROUND(MAX(0, (NOW() - (B182 + IF(ISBLANK(C182), TIME(9,0,0), C182))) * 24), 1)), ROUND(MAX(0, ((M182 + IF(ISBLANK(N182), TIME(18,0,0), N182)) - (B182 + IF(ISBLANK(C182), TIME(9,0,0), C182))) * 24), 1)), 0)) -> 0 | P182: =ROUND(O182 / 24, 2) -> 0 | Q182: =IF(ISBLANK(B182), 0, IF(ISBLANK(M182), IF(L182="Closed", 4, ROUND(MAX(0, (NOW() - (B182 + IF(ISBLANK(C182), TIME(9,0,0), C182))) * 24), 1)), ROUND(MAX(0, ((M182 + IF(ISBLANK(N182), TIME(18,0,0), N182)) - (B182 + IF(ISBLANK(C182), TIME(9,0,0), C182))) * 24), 1))) -> 8 | R182: =IF(ISNUMBER(SEARCH("Complete", H182)), 1, 0) -> 0 | S182: Vendor aligned
A183: 179 | B183: 45838 | C183: 0.45833333 | D183: Dishwashing Machine | E183: Cafeteria Equipment | F183: Main Facility Floor | G183: Dish wash room dish wash machine proper not working | H183: 🔴 Complete Breakdown (Full Downtime) | I183: N/A | J183: OEM Vendor technician aligned, issue diagnosed & rectified | K183: Vendor / OEM | L183: Closed | M183: 45838 | N183: 0.75 | O183: =IF(ISBLANK(B183), 0, IF(ISNUMBER(SEARCH("Complete", H183)), IF(ISBLANK(M183), IF(L183="Closed", 4, ROUND(MAX(0, (NOW() - (B183 + IF(ISBLANK(C183), TIME(9,0,0), C183))) * 24), 1)), ROUND(MAX(0, ((M183 + IF(ISBLANK(N183), TIME(18,0,0), N183)) - (B183 + IF(ISBLANK(C183), TIME(9,0,0), C183))) * 24), 1)), 0)) -> 7 | P183: =ROUND(O183 / 24, 2) -> 0.29 | Q183: =IF(ISBLANK(B183), 0, IF(ISBLANK(M183), IF(L183="Closed", 4, ROUND(MAX(0, (NOW() - (B183 + IF(ISBLANK(C183), TIME(9,0,0), C183))) * 24), 1)), ROUND(MAX(0, ((M183 + IF(ISBLANK(N183), TIME(18,0,0), N183)) - (B183 + IF(ISBLANK(C183), TIME(9,0,0), C183))) * 24), 1))) -> 7 | R183: =IF(ISNUMBER(SEARCH("Complete", H183)), 1, 0) -> 1 | S183: Vendor aligned
A184: 180 | B184: 45839 | C184: 0.5 | D184: Gas Suppression System (GSS) | E184: Fire, Safety & BMS | F184: Server Room | G184: Server room operational gss cylinder Pressure low issue | H184: 🟡 Partial Breakdown (Machine Operational) | I184: N/A | J184: Investigation in progress; technician / spare parts aligned | K184: In-House Team | L184: In Progress (WIP) | O184: =IF(ISBLANK(B184), 0, IF(ISNUMBER(SEARCH("Complete", H184)), IF(ISBLANK(M184), IF(L184="Closed", 4, ROUND(MAX(0, (NOW() - (B184 + IF(ISBLANK(C184), TIME(9,0,0), C184))) * 24), 1)), ROUND(MAX(0, ((M184 + IF(ISBLANK(N184), TIME(18,0,0), N184)) - (B184 + IF(ISBLANK(C184), TIME(9,0,0), C184))) * 24), 1)), 0)) -> 0 | P184: =ROUND(O184 / 24, 2) -> 0 | Q184: =IF(ISBLANK(B184), 0, IF(ISBLANK(M184), IF(L184="Closed", 4, ROUND(MAX(0, (NOW() - (B184 + IF(ISBLANK(C184), TIME(9,0,0), C184))) * 24), 1)), ROUND(MAX(0, ((M184 + IF(ISBLANK(N184), TIME(18,0,0), N184)) - (B184 + IF(ISBLANK(C184), TIME(9,0,0), C184))) * 24), 1))) -> 9941.9 | R184: =IF(ISNUMBER(SEARCH("Complete", H184)), 1, 0) -> 0 | S184: Standard Resolution
A185: 181 | B185: 45843 | C185: 0.58333333 | D185: VAV (Variable Air Volume) | E185: HVAC & Cooling | F185: Main Facility Floor | G185: Some vav faulty issue | H185: 🔴 Complete Breakdown (Full Downtime) | I185: N/A | J185: Inspected, serviced and restored to normal operation by In-House Team | K185: In-House Team | L185: Closed | M185: 45846 | N185: 0.75 | O185: =IF(ISBLANK(B185), 0, IF(ISNUMBER(SEARCH("Complete", H185)), IF(ISBLANK(M185), IF(L185="Closed", 4, ROUND(MAX(0, (NOW() - (B185 + IF(ISBLANK(C185), TIME(9,0,0), C185))) * 24), 1)), ROUND(MAX(0, ((M185 + IF(ISBLANK(N185), TIME(18,0,0), N185)) - (B185 + IF(ISBLANK(C185), TIME(9,0,0), C185))) * 24), 1)), 0)) -> 76 | P185: =ROUND(O185 / 24, 2) -> 3.17 | Q185: =IF(ISBLANK(B185), 0, IF(ISBLANK(M185), IF(L185="Closed", 4, ROUND(MAX(0, (NOW() - (B185 + IF(ISBLANK(C185), TIME(9,0,0), C185))) * 24), 1)), ROUND(MAX(0, ((M185 + IF(ISBLANK(N185), TIME(18,0,0), N185)) - (B185 + IF(ISBLANK(C185), TIME(9,0,0), C185))) * 24), 1))) -> 76 | R185: =IF(ISNUMBER(SEARCH("Complete", H185)), 1, 0) -> 1 | S185: Standard Resolution
A186: 182 | B186: 45843 | C186: 0.375 | D186: Accessible Washroom | E186: Doors & Access Gates | F186: Accessible / Visitor Washroom | G186: Accessible washroom door is not working infront of server room | H186: 🔴 Complete Breakdown (Full Downtime) | I186: N/A | J186: OEM Vendor technician aligned, issue diagnosed & rectified | K186: Vendor / OEM | L186: Closed | M186: 45845 | N186: 0.75 | O186: =IF(ISBLANK(B186), 0, IF(ISNUMBER(SEARCH("Complete", H186)), IF(ISBLANK(M186), IF(L186="Closed", 4, ROUND(MAX(0, (NOW() - (B186 + IF(ISBLANK(C186), TIME(9,0,0), C186))) * 24), 1)), ROUND(MAX(0, ((M186 + IF(ISBLANK(N186), TIME(18,0,0), N186)) - (B186 + IF(ISBLANK(C186), TIME(9,0,0), C186))) * 24), 1)), 0)) -> 57 | P186: =ROUND(O186 / 24, 2) -> 2.38 | Q186: =IF(ISBLANK(B186), 0, IF(ISBLANK(M186), IF(L186="Closed", 4, ROUND(MAX(0, (NOW() - (B186 + IF(ISBLANK(C186), TIME(9,0,0), C186))) * 24), 1)), ROUND(MAX(0, ((M186 + IF(ISBLANK(N186), TIME(18,0,0), N186)) - (B186 + IF(ISBLANK(C186), TIME(9,0,0), C186))) * 24), 1))) -> 57 | R186: =IF(ISNUMBER(SEARCH("Complete", H186)), 1, 0) -> 1 | S186: Vendor aligned
A187: 183 | B187: 45843 | C187: 0.58333333 | D187: Flap Barrier Gate | E187: Doors & Access Gates | F187: Main Facility Floor | G187: Near mail room narrow lane speed stile display is showing cross | H187: 🟡 Partial Breakdown (Machine Operational) | I187: N/A | J187: OEM Vendor technician aligned, issue diagnosed & rectified | K187: Vendor / OEM | L187: Closed | M187: 45845 | N187: 0.75 | O187: =IF(ISBLANK(B187), 0, IF(ISNUMBER(SEARCH("Complete", H187)), IF(ISBLANK(M187), IF(L187="Closed", 4, ROUND(MAX(0, (NOW() - (B187 + IF(ISBLANK(C187), TIME(9,0,0), C187))) * 24), 1)), ROUND(MAX(0, ((M187 + IF(ISBLANK(N187), TIME(18,0,0), N187)) - (B187 + IF(ISBLANK(C187), TIME(9,0,0), C187))) * 24), 1)), 0)) -> 0 | P187: =ROUND(O187 / 24, 2) -> 0 | Q187: =IF(ISBLANK(B187), 0, IF(ISBLANK(M187), IF(L187="Closed", 4, ROUND(MAX(0, (NOW() - (B187 + IF(ISBLANK(C187), TIME(9,0,0), C187))) * 24), 1)), ROUND(MAX(0, ((M187 + IF(ISBLANK(N187), TIME(18,0,0), N187)) - (B187 + IF(ISBLANK(C187), TIME(9,0,0), C187))) * 24), 1))) -> 52 | R187: =IF(ISNUMBER(SEARCH("Complete", H187)), 1, 0) -> 0 | S187: Vendor aligned
A188: 184 | B188: 45845 | C188: 0.41666667 | D188: Accessible Washroom | E188: Cafeteria Equipment | F188: Cafeteria / Pantry | G188: Accessible washroom door is not working infront of dishwash room | H188: 🔴 Complete Breakdown (Full Downtime) | I188: N/A | J188: OEM Vendor technician aligned, issue diagnosed & rectified | K188: Vendor / OEM | L188: Closed | M188: 45846 | N188: 0.75 | O188: =IF(ISBLANK(B188), 0, IF(ISNUMBER(SEARCH("Complete", H188)), IF(ISBLANK(M188), IF(L188="Closed", 4, ROUND(MAX(0, (NOW() - (B188 + IF(ISBLANK(C188), TIME(9,0,0), C188))) * 24), 1)), ROUND(MAX(0, ((M188 + IF(ISBLANK(N188), TIME(18,0,0), N188)) - (B188 + IF(ISBLANK(C188), TIME(9,0,0), C188))) * 24), 1)), 0)) -> 32 | P188: =ROUND(O188 / 24, 2) -> 1.33 | Q188: =IF(ISBLANK(B188), 0, IF(ISBLANK(M188), IF(L188="Closed", 4, ROUND(MAX(0, (NOW() - (B188 + IF(ISBLANK(C188), TIME(9,0,0), C188))) * 24), 1)), ROUND(MAX(0, ((M188 + IF(ISBLANK(N188), TIME(18,0,0), N188)) - (B188 + IF(ISBLANK(C188), TIME(9,0,0), C188))) * 24), 1))) -> 32 | R188: =IF(ISNUMBER(SEARCH("Complete", H188)), 1, 0) -> 1 | S188: Vendor aligned
A189: 185 | B189: 45849 | C189: 0.625 | D189: Zip Tap | E189: Water & Plumbing | F189: Cafeteria / Pantry | G189: Cafeteria pantry mother room side zip tap ambient water sensor is not working | H189: 🔴 Complete Breakdown (Full Downtime) | I189: N/A | J189: OEM Vendor technician aligned, issue diagnosed & rectified | K189: Vendor / OEM | L189: Closed | M189: 45852 | N189: 0.75 | O189: =IF(ISBLANK(B189), 0, IF(ISNUMBER(SEARCH("Complete", H189)), IF(ISBLANK(M189), IF(L189="Closed", 4, ROUND(MAX(0, (NOW() - (B189 + IF(ISBLANK(C189), TIME(9,0,0), C189))) * 24), 1)), ROUND(MAX(0, ((M189 + IF(ISBLANK(N189), TIME(18,0,0), N189)) - (B189 + IF(ISBLANK(C189), TIME(9,0,0), C189))) * 24), 1)), 0)) -> 75 | P189: =ROUND(O189 / 24, 2) -> 3.13 | Q189: =IF(ISBLANK(B189), 0, IF(ISBLANK(M189), IF(L189="Closed", 4, ROUND(MAX(0, (NOW() - (B189 + IF(ISBLANK(C189), TIME(9,0,0), C189))) * 24), 1)), ROUND(MAX(0, ((M189 + IF(ISBLANK(N189), TIME(18,0,0), N189)) - (B189 + IF(ISBLANK(C189), TIME(9,0,0), C189))) * 24), 1))) -> 75 | R189: =IF(ISNUMBER(SEARCH("Complete", H189)), 1, 0) -> 1 | S189: Vendor aligned
A190: 186 | B190: 45849 | C190: 0.41666667 | D190: PA System | E190: Fire, Safety & BMS | F190: Main Facility Floor | G190: Aannouncement switch number 2(real earthquick) is not working | H190: 🔴 Complete Breakdown (Full Downtime) | I190: N/A | J190: Inspected, serviced and restored to normal operation by In-House Team | K190: In-House Team | L190: Closed | M190: 45849 | N190: 0.75 | O190: =IF(ISBLANK(B190), 0, IF(ISNUMBER(SEARCH("Complete", H190)), IF(ISBLANK(M190), IF(L190="Closed", 4, ROUND(MAX(0, (NOW() - (B190 + IF(ISBLANK(C190), TIME(9,0,0), C190))) * 24), 1)), ROUND(MAX(0, ((M190 + IF(ISBLANK(N190), TIME(18,0,0), N190)) - (B190 + IF(ISBLANK(C190), TIME(9,0,0), C190))) * 24), 1)), 0)) -> 8 | P190: =ROUND(O190 / 24, 2) -> 0.33 | Q190: =IF(ISBLANK(B190), 0, IF(ISBLANK(M190), IF(L190="Closed", 4, ROUND(MAX(0, (NOW() - (B190 + IF(ISBLANK(C190), TIME(9,0,0), C190))) * 24), 1)), ROUND(MAX(0, ((M190 + IF(ISBLANK(N190), TIME(18,0,0), N190)) - (B190 + IF(ISBLANK(C190), TIME(9,0,0), C190))) * 24), 1))) -> 8 | R190: =IF(ISNUMBER(SEARCH("Complete", H190)), 1, 0) -> 1 | S190: Repaired by inhouse team
A191: 187 | B191: 45852 | C191: 0.0625 | D191: Zip Tap | E191: Water & Plumbing | F191: Cafeteria / Pantry | G191: Café pantry aqua tap ambiant water sensor not working | H191: 🔴 Complete Breakdown (Full Downtime) | I191: 69392 | J191: OEM Vendor technician aligned, issue diagnosed & rectified | K191: Vendor / OEM | L191: Closed | M191: 45852 | N191: 0.75 | O191: =IF(ISBLANK(B191), 0, IF(ISNUMBER(SEARCH("Complete", H191)), IF(ISBLANK(M191), IF(L191="Closed", 4, ROUND(MAX(0, (NOW() - (B191 + IF(ISBLANK(C191), TIME(9,0,0), C191))) * 24), 1)), ROUND(MAX(0, ((M191 + IF(ISBLANK(N191), TIME(18,0,0), N191)) - (B191 + IF(ISBLANK(C191), TIME(9,0,0), C191))) * 24), 1)), 0)) -> 16.5 | P191: =ROUND(O191 / 24, 2) -> 0.69 | Q191: =IF(ISBLANK(B191), 0, IF(ISBLANK(M191), IF(L191="Closed", 4, ROUND(MAX(0, (NOW() - (B191 + IF(ISBLANK(C191), TIME(9,0,0), C191))) * 24), 1)), ROUND(MAX(0, ((M191 + IF(ISBLANK(N191), TIME(18,0,0), N191)) - (B191 + IF(ISBLANK(C191), TIME(9,0,0), C191))) * 24), 1))) -> 16.5 | R191: =IF(ISNUMBER(SEARCH("Complete", H191)), 1, 0) -> 1 | S191: Vendor aligned
A192: 188 | B192: 45855 | C192: 0.625 | D192: VAV (Variable Air Volume) | E192: HVAC & Cooling | F192: Main Facility Floor | G192: Some vav faulty issue | H192: 🔴 Complete Breakdown (Full Downtime) | I192: N/A | J192: OEM Vendor technician aligned, issue diagnosed & rectified | K192: Vendor / OEM | L192: Closed | M192: 45855 | N192: 0.75 | O192: =IF(ISBLANK(B192), 0, IF(ISNUMBER(SEARCH("Complete", H192)), IF(ISBLANK(M192), IF(L192="Closed", 4, ROUND(MAX(0, (NOW() - (B192 + IF(ISBLANK(C192), TIME(9,0,0), C192))) * 24), 1)), ROUND(MAX(0, ((M192 + IF(ISBLANK(N192), TIME(18,0,0), N192)) - (B192 + IF(ISBLANK(C192), TIME(9,0,0), C192))) * 24), 1)), 0)) -> 3 | P192: =ROUND(O192 / 24, 2) -> 0.13 | Q192: =IF(ISBLANK(B192), 0, IF(ISBLANK(M192), IF(L192="Closed", 4, ROUND(MAX(0, (NOW() - (B192 + IF(ISBLANK(C192), TIME(9,0,0), C192))) * 24), 1)), ROUND(MAX(0, ((M192 + IF(ISBLANK(N192), TIME(18,0,0), N192)) - (B192 + IF(ISBLANK(C192), TIME(9,0,0), C192))) * 24), 1))) -> 3 | R192: =IF(ISNUMBER(SEARCH("Complete", H192)), 1, 0) -> 1 | S192: Vendor aligned
A193: 189 | B193: 45858 | C193: 0.33333333 | D193: Fragrance Dispenser | E193: Water & Plumbing | F193: Zone E - Male Washroom | G193: Zone E gents washroom fregrance dispenser is not working | H193: 🔴 Complete Breakdown (Full Downtime) | I193: N/A | J193: Inspected, serviced and restored to normal operation by In-House Team | K193: In-House Team | L193: Closed | M193: 45859 | N193: 0.75 | O193: =IF(ISBLANK(B193), 0, IF(ISNUMBER(SEARCH("Complete", H193)), IF(ISBLANK(M193), IF(L193="Closed", 4, ROUND(MAX(0, (NOW() - (B193 + IF(ISBLANK(C193), TIME(9,0,0), C193))) * 24), 1)), ROUND(MAX(0, ((M193 + IF(ISBLANK(N193), TIME(18,0,0), N193)) - (B193 + IF(ISBLANK(C193), TIME(9,0,0), C193))) * 24), 1)), 0)) -> 34 | P193: =ROUND(O193 / 24, 2) -> 1.42 | Q193: =IF(ISBLANK(B193), 0, IF(ISBLANK(M193), IF(L193="Closed", 4, ROUND(MAX(0, (NOW() - (B193 + IF(ISBLANK(C193), TIME(9,0,0), C193))) * 24), 1)), ROUND(MAX(0, ((M193 + IF(ISBLANK(N193), TIME(18,0,0), N193)) - (B193 + IF(ISBLANK(C193), TIME(9,0,0), C193))) * 24), 1))) -> 34 | R193: =IF(ISNUMBER(SEARCH("Complete", H193)), 1, 0) -> 1 | S193: Standard Resolution
A194: 190 | B194: 45860 | C194: 0.5 | D194: Microwave Oven | E194: Cafeteria Equipment | F194: Social Hub 1 | G194: Social hub 1 one microwave is not working | H194: 🔴 Complete Breakdown (Full Downtime) | I194: N/A | J194: Investigation in progress; technician / spare parts aligned | K194: In-House Team | L194: In Progress (WIP) | O194: =IF(ISBLANK(B194), 0, IF(ISNUMBER(SEARCH("Complete", H194)), IF(ISBLANK(M194), IF(L194="Closed", 4, ROUND(MAX(0, (NOW() - (B194 + IF(ISBLANK(C194), TIME(9,0,0), C194))) * 24), 1)), ROUND(MAX(0, ((M194 + IF(ISBLANK(N194), TIME(18,0,0), N194)) - (B194 + IF(ISBLANK(C194), TIME(9,0,0), C194))) * 24), 1)), 0)) -> 9437.9 | P194: =ROUND(O194 / 24, 2) -> 393.25 | Q194: =IF(ISBLANK(B194), 0, IF(ISBLANK(M194), IF(L194="Closed", 4, ROUND(MAX(0, (NOW() - (B194 + IF(ISBLANK(C194), TIME(9,0,0), C194))) * 24), 1)), ROUND(MAX(0, ((M194 + IF(ISBLANK(N194), TIME(18,0,0), N194)) - (B194 + IF(ISBLANK(C194), TIME(9,0,0), C194))) * 24), 1))) -> 9437.9 | R194: =IF(ISNUMBER(SEARCH("Complete", H194)), 1, 0) -> 1 | S194: Standard Resolution
A195: 191 | B195: 45861 | C195: 0.41666667 | D195: Lighting Circuit / Fixture | E195: Electrical & Power | F195: Social Hub 1 | G195: Social hub 1, 2 nos light is not working | H195: 🔴 Complete Breakdown (Full Downtime) | I195: N/A | J195: Inspected, serviced and restored to normal operation by In-House Team | K195: In-House Team | L195: Closed | M195: 45861 | N195: 0.75 | O195: =IF(ISBLANK(B195), 0, IF(ISNUMBER(SEARCH("Complete", H195)), IF(ISBLANK(M195), IF(L195="Closed", 4, ROUND(MAX(0, (NOW() - (B195 + IF(ISBLANK(C195), TIME(9,0,0), C195))) * 24), 1)), ROUND(MAX(0, ((M195 + IF(ISBLANK(N195), TIME(18,0,0), N195)) - (B195 + IF(ISBLANK(C195), TIME(9,0,0), C195))) * 24), 1)), 0)) -> 8 | P195: =ROUND(O195 / 24, 2) -> 0.33 | Q195: =IF(ISBLANK(B195), 0, IF(ISBLANK(M195), IF(L195="Closed", 4, ROUND(MAX(0, (NOW() - (B195 + IF(ISBLANK(C195), TIME(9,0,0), C195))) * 24), 1)), ROUND(MAX(0, ((M195 + IF(ISBLANK(N195), TIME(18,0,0), N195)) - (B195 + IF(ISBLANK(C195), TIME(9,0,0), C195))) * 24), 1))) -> 8 | R195: =IF(ISNUMBER(SEARCH("Complete", H195)), 1, 0) -> 1 | S195: Standard Resolution
A196: 192 | B196: 45862 | C196: 0.5 | D196: Microwave Oven | E196: Cafeteria Equipment | F196: Cafeteria / Pantry | G196: Cafeteria 1 mocrowave has sound issue | H196: 🟡 Partial Breakdown (Machine Operational) | I196: N/A | J196: Inspected, serviced and restored to normal operation by In-House Team | K196: In-House Team | L196: Closed | M196: 45868 | N196: 0.75 | O196: =IF(ISBLANK(B196), 0, IF(ISNUMBER(SEARCH("Complete", H196)), IF(ISBLANK(M196), IF(L196="Closed", 4, ROUND(MAX(0, (NOW() - (B196 + IF(ISBLANK(C196), TIME(9,0,0), C196))) * 24), 1)), ROUND(MAX(0, ((M196 + IF(ISBLANK(N196), TIME(18,0,0), N196)) - (B196 + IF(ISBLANK(C196), TIME(9,0,0), C196))) * 24), 1)), 0)) -> 0 | P196: =ROUND(O196 / 24, 2) -> 0 | Q196: =IF(ISBLANK(B196), 0, IF(ISBLANK(M196), IF(L196="Closed", 4, ROUND(MAX(0, (NOW() - (B196 + IF(ISBLANK(C196), TIME(9,0,0), C196))) * 24), 1)), ROUND(MAX(0, ((M196 + IF(ISBLANK(N196), TIME(18,0,0), N196)) - (B196 + IF(ISBLANK(C196), TIME(9,0,0), C196))) * 24), 1))) -> 150 | R196: =IF(ISNUMBER(SEARCH("Complete", H196)), 1, 0) -> 0 | S196: Standard Resolution
A197: 193 | B197: 45863 | C197: 0.41666667 | D197: Fragrance Dispenser | E197: Water & Plumbing | F197: Accessible / Visitor Washroom | G197: Visitor washroom fregrance dispenser is not working | H197: 🔴 Complete Breakdown (Full Downtime) | I197: N/A | J197: Inspected, serviced and restored to normal operation by In-House Team | K197: In-House Team | L197: Closed | M197: 45864 | N197: 0.75 | O197: =IF(ISBLANK(B197), 0, IF(ISNUMBER(SEARCH("Complete", H197)), IF(ISBLANK(M197), IF(L197="Closed", 4, ROUND(MAX(0, (NOW() - (B197 + IF(ISBLANK(C197), TIME(9,0,0), C197))) * 24), 1)), ROUND(MAX(0, ((M197 + IF(ISBLANK(N197), TIME(18,0,0), N197)) - (B197 + IF(ISBLANK(C197), TIME(9,0,0), C197))) * 24), 1)), 0)) -> 32 | P197: =ROUND(O197 / 24, 2) -> 1.33 | Q197: =IF(ISBLANK(B197), 0, IF(ISBLANK(M197), IF(L197="Closed", 4, ROUND(MAX(0, (NOW() - (B197 + IF(ISBLANK(C197), TIME(9,0,0), C197))) * 24), 1)), ROUND(MAX(0, ((M197 + IF(ISBLANK(N197), TIME(18,0,0), N197)) - (B197 + IF(ISBLANK(C197), TIME(9,0,0), C197))) * 24), 1))) -> 32 | R197: =IF(ISNUMBER(SEARCH("Complete", H197)), 1, 0) -> 1 | S197: Standard Resolution
A198: 194 | B198: 45866 | C198: 0.41666667 | D198: VAV (Variable Air Volume) | E198: HVAC & Cooling | F198: Main Facility Floor | G198: All faulty VAV and thermostate check | H198: 🔴 Complete Breakdown (Full Downtime) | I198: N/A | J198: Inspected, serviced and restored to normal operation by In-House Team | K198: In-House Team | L198: Closed | M198: 45867 | N198: 0.75 | O198: =IF(ISBLANK(B198), 0, IF(ISNUMBER(SEARCH("Complete", H198)), IF(ISBLANK(M198), IF(L198="Closed", 4, ROUND(MAX(0, (NOW() - (B198 + IF(ISBLANK(C198), TIME(9,0,0), C198))) * 24), 1)), ROUND(MAX(0, ((M198 + IF(ISBLANK(N198), TIME(18,0,0), N198)) - (B198 + IF(ISBLANK(C198), TIME(9,0,0), C198))) * 24), 1)), 0)) -> 32 | P198: =ROUND(O198 / 24, 2) -> 1.33 | Q198: =IF(ISBLANK(B198), 0, IF(ISBLANK(M198), IF(L198="Closed", 4, ROUND(MAX(0, (NOW() - (B198 + IF(ISBLANK(C198), TIME(9,0,0), C198))) * 24), 1)), ROUND(MAX(0, ((M198 + IF(ISBLANK(N198), TIME(18,0,0), N198)) - (B198 + IF(ISBLANK(C198), TIME(9,0,0), C198))) * 24), 1))) -> 32 | R198: =IF(ISNUMBER(SEARCH("Complete", H198)), 1, 0) -> 1 | S198: Standard Resolution
A199: 195 | B199: 45868 | C199: 0.41666667 | D199: Drainage / Sump Pump | E199: Water & Plumbing | F199: Social Hub 2 | G199: Social hub 2 drain pump is not working | H199: 🔴 Complete Breakdown (Full Downtime) | I199: N/A | J199: Inspected, serviced and restored to normal operation by In-House Team | K199: In-House Team | L199: Closed | M199: 45872 | N199: 0.75 | O199: =IF(ISBLANK(B199), 0, IF(ISNUMBER(SEARCH("Complete", H199)), IF(ISBLANK(M199), IF(L199="Closed", 4, ROUND(MAX(0, (NOW() - (B199 + IF(ISBLANK(C199), TIME(9,0,0), C199))) * 24), 1)), ROUND(MAX(0, ((M199 + IF(ISBLANK(N199), TIME(18,0,0), N199)) - (B199 + IF(ISBLANK(C199), TIME(9,0,0), C199))) * 24), 1)), 0)) -> 104 | P199: =ROUND(O199 / 24, 2) -> 4.33 | Q199: =IF(ISBLANK(B199), 0, IF(ISBLANK(M199), IF(L199="Closed", 4, ROUND(MAX(0, (NOW() - (B199 + IF(ISBLANK(C199), TIME(9,0,0), C199))) * 24), 1)), ROUND(MAX(0, ((M199 + IF(ISBLANK(N199), TIME(18,0,0), N199)) - (B199 + IF(ISBLANK(C199), TIME(9,0,0), C199))) * 24), 1))) -> 104 | R199: =IF(ISNUMBER(SEARCH("Complete", H199)), 1, 0) -> 1 | S199: Standard Resolution
A200: 196 | B200: 45873 | C200: 0.58333333 | D200: Zip Tap | E200: Water & Plumbing | F200: Social Hub 2 | G200: Social hub 2 zip tap is not working | H200: 🔴 Complete Breakdown (Full Downtime) | I200: 74111 | J200: Inspected, serviced and restored to normal operation by In-House Team | K200: In-House Team | L200: Closed | M200: 45875 | N200: 0.75 | O200: =IF(ISBLANK(B200), 0, IF(ISNUMBER(SEARCH("Complete", H200)), IF(ISBLANK(M200), IF(L200="Closed", 4, ROUND(MAX(0, (NOW() - (B200 + IF(ISBLANK(C200), TIME(9,0,0), C200))) * 24), 1)), ROUND(MAX(0, ((M200 + IF(ISBLANK(N200), TIME(18,0,0), N200)) - (B200 + IF(ISBLANK(C200), TIME(9,0,0), C200))) * 24), 1)), 0)) -> 52 | P200: =ROUND(O200 / 24, 2) -> 2.17 | Q200: =IF(ISBLANK(B200), 0, IF(ISBLANK(M200), IF(L200="Closed", 4, ROUND(MAX(0, (NOW() - (B200 + IF(ISBLANK(C200), TIME(9,0,0), C200))) * 24), 1)), ROUND(MAX(0, ((M200 + IF(ISBLANK(N200), TIME(18,0,0), N200)) - (B200 + IF(ISBLANK(C200), TIME(9,0,0), C200))) * 24), 1))) -> 52 | R200: =IF(ISNUMBER(SEARCH("Complete", H200)), 1, 0) -> 1 | S200: Standard Resolution
A201: 197 | B201: 45873 | C201: 0.33333333 | D201: VAV (Variable Air Volume) | E201: HVAC & Cooling | F201: Meeting / Board Room | G201: Meeting room 103 VAV is not working | H201: 🔴 Complete Breakdown (Full Downtime) | I201: N/A | J201: Inspected, serviced and restored to normal operation by In-House Team | K201: In-House Team | L201: Closed | M201: 45873 | N201: 0.75 | O201: =IF(ISBLANK(B201), 0, IF(ISNUMBER(SEARCH("Complete", H201)), IF(ISBLANK(M201), IF(L201="Closed", 4, ROUND(MAX(0, (NOW() - (B201 + IF(ISBLANK(C201), TIME(9,0,0), C201))) * 24), 1)), ROUND(MAX(0, ((M201 + IF(ISBLANK(N201), TIME(18,0,0), N201)) - (B201 + IF(ISBLANK(C201), TIME(9,0,0), C201))) * 24), 1)), 0)) -> 10 | P201: =ROUND(O201 / 24, 2) -> 0.42 | Q201: =IF(ISBLANK(B201), 0, IF(ISBLANK(M201), IF(L201="Closed", 4, ROUND(MAX(0, (NOW() - (B201 + IF(ISBLANK(C201), TIME(9,0,0), C201))) * 24), 1)), ROUND(MAX(0, ((M201 + IF(ISBLANK(N201), TIME(18,0,0), N201)) - (B201 + IF(ISBLANK(C201), TIME(9,0,0), C201))) * 24), 1))) -> 10 | R201: =IF(ISNUMBER(SEARCH("Complete", H201)), 1, 0) -> 1 | S201: Standard Resolution
A202: 198 | B202: 45879 | C202: 0.5 | D202: PAC (Precision Air Conditioner) | E202: HVAC & Cooling | F202: Main Facility Floor | G202: PAC unit 1 Compresser pressor is low | H202: 🟡 Partial Breakdown (Machine Operational) | I202: N/A | J202: Inspected, serviced and restored to normal operation by In-House Team | K202: In-House Team | L202: Closed | M202: 45880 | N202: 0.75 | O202: =IF(ISBLANK(B202), 0, IF(ISNUMBER(SEARCH("Complete", H202)), IF(ISBLANK(M202), IF(L202="Closed", 4, ROUND(MAX(0, (NOW() - (B202 + IF(ISBLANK(C202), TIME(9,0,0), C202))) * 24), 1)), ROUND(MAX(0, ((M202 + IF(ISBLANK(N202), TIME(18,0,0), N202)) - (B202 + IF(ISBLANK(C202), TIME(9,0,0), C202))) * 24), 1)), 0)) -> 0 | P202: =ROUND(O202 / 24, 2) -> 0 | Q202: =IF(ISBLANK(B202), 0, IF(ISBLANK(M202), IF(L202="Closed", 4, ROUND(MAX(0, (NOW() - (B202 + IF(ISBLANK(C202), TIME(9,0,0), C202))) * 24), 1)), ROUND(MAX(0, ((M202 + IF(ISBLANK(N202), TIME(18,0,0), N202)) - (B202 + IF(ISBLANK(C202), TIME(9,0,0), C202))) * 24), 1))) -> 30 | R202: =IF(ISNUMBER(SEARCH("Complete", H202)), 1, 0) -> 0 | S202: Standard Resolution
A203: 199 | B203: 45880 | C203: 0.29166667 | D203: Fire Alarm System Panel | E203: Fire, Safety & BMS | F203: Zone B Floor | G203: Fire flow switch activated in zone B | H203: 🟡 Partial Breakdown (Machine Operational) | I203: N/A | J203: Inspected, serviced and restored to normal operation by In-House Team | K203: In-House Team | L203: Closed | M203: 45880 | N203: 0.75 | O203: =IF(ISBLANK(B203), 0, IF(ISNUMBER(SEARCH("Complete", H203)), IF(ISBLANK(M203), IF(L203="Closed", 4, ROUND(MAX(0, (NOW() - (B203 + IF(ISBLANK(C203), TIME(9,0,0), C203))) * 24), 1)), ROUND(MAX(0, ((M203 + IF(ISBLANK(N203), TIME(18,0,0), N203)) - (B203 + IF(ISBLANK(C203), TIME(9,0,0), C203))) * 24), 1)), 0)) -> 0 | P203: =ROUND(O203 / 24, 2) -> 0 | Q203: =IF(ISBLANK(B203), 0, IF(ISBLANK(M203), IF(L203="Closed", 4, ROUND(MAX(0, (NOW() - (B203 + IF(ISBLANK(C203), TIME(9,0,0), C203))) * 24), 1)), ROUND(MAX(0, ((M203 + IF(ISBLANK(N203), TIME(18,0,0), N203)) - (B203 + IF(ISBLANK(C203), TIME(9,0,0), C203))) * 24), 1))) -> 11 | R203: =IF(ISNUMBER(SEARCH("Complete", H203)), 1, 0) -> 0 | S203: Standard Resolution
A204: 200 | B204: 45881 | C204: 0.33333333 | D204: HVAC System | E204: HVAC & Cooling | F204: Main Facility Floor | G204: DPT sensor connectivity | H204: 🟡 Partial Breakdown (Machine Operational) | I204: N/A | J204: Inspected, serviced and restored to normal operation by In-House Team | K204: In-House Team | L204: Closed | M204: 45881 | N204: 0.75 | O204: =IF(ISBLANK(B204), 0, IF(ISNUMBER(SEARCH("Complete", H204)), IF(ISBLANK(M204), IF(L204="Closed", 4, ROUND(MAX(0, (NOW() - (B204 + IF(ISBLANK(C204), TIME(9,0,0), C204))) * 24), 1)), ROUND(MAX(0, ((M204 + IF(ISBLANK(N204), TIME(18,0,0), N204)) - (B204 + IF(ISBLANK(C204), TIME(9,0,0), C204))) * 24), 1)), 0)) -> 0 | P204: =ROUND(O204 / 24, 2) -> 0 | Q204: =IF(ISBLANK(B204), 0, IF(ISBLANK(M204), IF(L204="Closed", 4, ROUND(MAX(0, (NOW() - (B204 + IF(ISBLANK(C204), TIME(9,0,0), C204))) * 24), 1)), ROUND(MAX(0, ((M204 + IF(ISBLANK(N204), TIME(18,0,0), N204)) - (B204 + IF(ISBLANK(C204), TIME(9,0,0), C204))) * 24), 1))) -> 10 | R204: =IF(ISNUMBER(SEARCH("Complete", H204)), 1, 0) -> 0 | S204: Standard Resolution
A205: 201 | B205: 45881 | C205: 0.41666667 | D205: Telephone Line | E205: Water & Plumbing | F205: Reception Area | G205: Reception telephone is not working | H205: 🔴 Complete Breakdown (Full Downtime) | I205: N/A | J205: Inspected, serviced and restored to normal operation by In-House Team | K205: In-House Team | L205: Closed | M205: 45881 | N205: 0.75 | O205: =IF(ISBLANK(B205), 0, IF(ISNUMBER(SEARCH("Complete", H205)), IF(ISBLANK(M205), IF(L205="Closed", 4, ROUND(MAX(0, (NOW() - (B205 + IF(ISBLANK(C205), TIME(9,0,0), C205))) * 24), 1)), ROUND(MAX(0, ((M205 + IF(ISBLANK(N205), TIME(18,0,0), N205)) - (B205 + IF(ISBLANK(C205), TIME(9,0,0), C205))) * 24), 1)), 0)) -> 8 | P205: =ROUND(O205 / 24, 2) -> 0.33 | Q205: =IF(ISBLANK(B205), 0, IF(ISBLANK(M205), IF(L205="Closed", 4, ROUND(MAX(0, (NOW() - (B205 + IF(ISBLANK(C205), TIME(9,0,0), C205))) * 24), 1)), ROUND(MAX(0, ((M205 + IF(ISBLANK(N205), TIME(18,0,0), N205)) - (B205 + IF(ISBLANK(C205), TIME(9,0,0), C205))) * 24), 1))) -> 8 | R205: =IF(ISNUMBER(SEARCH("Complete", H205)), 1, 0) -> 1 | S205: Repaired by inhouse team
A206: 202 | B206: 45886 | C206: 0.54166667 | D206: UPS & Battery System | E206: Electrical & Power | F206: Main Facility Floor | G206: Emergancy UPS 2 nos battery has issue | H206: 🟡 Partial Breakdown (Machine Operational) | I206: N/A | J206: Inspected, serviced and restored to normal operation by In-House Team | K206: In-House Team | L206: Closed | M206: 45890 | N206: 0.75 | O206: =IF(ISBLANK(B206), 0, IF(ISNUMBER(SEARCH("Complete", H206)), IF(ISBLANK(M206), IF(L206="Closed", 4, ROUND(MAX(0, (NOW() - (B206 + IF(ISBLANK(C206), TIME(9,0,0), C206))) * 24), 1)), ROUND(MAX(0, ((M206 + IF(ISBLANK(N206), TIME(18,0,0), N206)) - (B206 + IF(ISBLANK(C206), TIME(9,0,0), C206))) * 24), 1)), 0)) -> 0 | P206: =ROUND(O206 / 24, 2) -> 0 | Q206: =IF(ISBLANK(B206), 0, IF(ISBLANK(M206), IF(L206="Closed", 4, ROUND(MAX(0, (NOW() - (B206 + IF(ISBLANK(C206), TIME(9,0,0), C206))) * 24), 1)), ROUND(MAX(0, ((M206 + IF(ISBLANK(N206), TIME(18,0,0), N206)) - (B206 + IF(ISBLANK(C206), TIME(9,0,0), C206))) * 24), 1))) -> 101 | R206: =IF(ISNUMBER(SEARCH("Complete", H206)), 1, 0) -> 0 | S206: Standard Resolution
... A295: 291 | B295: 46022 | C295: 0.50694444 | D295: RO Water System | E295: Water & Plumbing | F295: Reception Area | G295: Reception, RO TDS issue | H295: 🟡 Partial Breakdown (Machine Operational) | I295: 104631 | J295: Inspected, serviced and restored to normal operation by In-House Team | K295: In-House Team | L295: Closed | M295: 46022 | N295: 0.75 | O295: =IF(ISBLANK(B295), 0, IF(ISNUMBER(SEARCH("Complete", H295)), IF(ISBLANK(M295), IF(L295="Closed", 4, ROUND(MAX(0, (NOW() - (B295 + IF(ISBLANK(C295), TIME(9,0,0), C295))) * 24), 1)), ROUND(MAX(0, ((M295 + IF(ISBLANK(N295), TIME(18,0,0), N295)) - (B295 + IF(ISBLANK(C295), TIME(9,0,0), C295))) * 24), 1)), 0)) -> 0 | P295: =ROUND(O295 / 24, 2) -> 0 | Q295: =IF(ISBLANK(B295), 0, IF(ISBLANK(M295), IF(L295="Closed", 4, ROUND(MAX(0, (NOW() - (B295 + IF(ISBLANK(C295), TIME(9,0,0), C295))) * 24), 1)), ROUND(MAX(0, ((M295 + IF(ISBLANK(N295), TIME(18,0,0), N295)) - (B295 + IF(ISBLANK(C295), TIME(9,0,0), C295))) * 24), 1))) -> 5.8 | R295: =IF(ISNUMBER(SEARCH("Complete", H295)), 1, 0) -> 0 | S295: Standard Resolution
A296: =IF(ISBLANK(B296), "", A295+1) | O296: =IF(ISBLANK(B296), 0, IF(ISNUMBER(SEARCH("Complete", H296)), IF(ISBLANK(M296), IF(L296="Closed", 4, ROUND(MAX(0, (NOW() - (B296 + IF(ISBLANK(C296), TIME(9,0,0), C296))) * 24), 1)), ROUND(MAX(0, ((M296 + IF(ISBLANK(N296), TIME(18,0,0), N296)) - (B296 + IF(ISBLANK(C296), TIME(9,0,0), C296))) * 24), 1)), 0)) -> 0 | P296: =ROUND(O296 / 24, 2) -> 0 | Q296: =IF(ISBLANK(B296), 0, IF(ISBLANK(M296), IF(L296="Closed", 4, ROUND(MAX(0, (NOW() - (B296 + IF(ISBLANK(C296), TIME(9,0,0), C296))) * 24), 1)), ROUND(MAX(0, ((M296 + IF(ISBLANK(N296), TIME(18,0,0), N296)) - (B296 + IF(ISBLANK(C296), TIME(9,0,0), C296))) * 24), 1))) -> 0 | R296: =IF(ISNUMBER(SEARCH("Complete", H296)), 1, 0) -> 0
A297: =IF(ISBLANK(B297), "", A296+1) | O297: =IF(ISBLANK(B297), 0, IF(ISNUMBER(SEARCH("Complete", H297)), IF(ISBLANK(M297), IF(L297="Closed", 4, ROUND(MAX(0, (NOW() - (B297 + IF(ISBLANK(C297), TIME(9,0,0), C297))) * 24), 1)), ROUND(MAX(0, ((M297 + IF(ISBLANK(N297), TIME(18,0,0), N297)) - (B297 + IF(ISBLANK(C297), TIME(9,0,0), C297))) * 24), 1)), 0)) -> 0 | P297: =ROUND(O297 / 24, 2) -> 0 | Q297: =IF(ISBLANK(B297), 0, IF(ISBLANK(M297), IF(L297="Closed", 4, ROUND(MAX(0, (NOW() - (B297 + IF(ISBLANK(C297), TIME(9,0,0), C297))) * 24), 1)), ROUND(MAX(0, ((M297 + IF(ISBLANK(N297), TIME(18,0,0), N297)) - (B297 + IF(ISBLANK(C297), TIME(9,0,0), C297))) * 24), 1))) -> 0 | R297: =IF(ISNUMBER(SEARCH("Complete", H297)), 1, 0) -> 0
A298: =IF(ISBLANK(B298), "", A297+1) | O298: =IF(ISBLANK(B298), 0, IF(ISNUMBER(SEARCH("Complete", H298)), IF(ISBLANK(M298), IF(L298="Closed", 4, ROUND(MAX(0, (NOW() - (B298 + IF(ISBLANK(C298), TIME(9,0,0), C298))) * 24), 1)), ROUND(MAX(0, ((M298 + IF(ISBLANK(N298), TIME(18,0,0), N298)) - (B298 + IF(ISBLANK(C298), TIME(9,0,0), C298))) * 24), 1)), 0)) -> 0 | P298: =ROUND(O298 / 24, 2) -> 0 | Q298: =IF(ISBLANK(B298), 0, IF(ISBLANK(M298), IF(L298="Closed", 4, ROUND(MAX(0, (NOW() - (B298 + IF(ISBLANK(C298), TIME(9,0,0), C298))) * 24), 1)), ROUND(MAX(0, ((M298 + IF(ISBLANK(N298), TIME(18,0,0), N298)) - (B298 + IF(ISBLANK(C298), TIME(9,0,0), C298))) * 24), 1))) -> 0 | R298: =IF(ISNUMBER(SEARCH("Complete", H298)), 1, 0) -> 0
A299: =IF(ISBLANK(B299), "", A298+1) | O299: =IF(ISBLANK(B299), 0, IF(ISNUMBER(SEARCH("Complete", H299)), IF(ISBLANK(M299), IF(L299="Closed", 4, ROUND(MAX(0, (NOW() - (B299 + IF(ISBLANK(C299), TIME(9,0,0), C299))) * 24), 1)), ROUND(MAX(0, ((M299 + IF(ISBLANK(N299), TIME(18,0,0), N299)) - (B299 + IF(ISBLANK(C299), TIME(9,0,0), C299))) * 24), 1)), 0)) -> 0 | P299: =ROUND(O299 / 24, 2) -> 0 | Q299: =IF(ISBLANK(B299), 0, IF(ISBLANK(M299), IF(L299="Closed", 4, ROUND(MAX(0, (NOW() - (B299 + IF(ISBLANK(C299), TIME(9,0,0), C299))) * 24), 1)), ROUND(MAX(0, ((M299 + IF(ISBLANK(N299), TIME(18,0,0), N299)) - (B299 + IF(ISBLANK(C299), TIME(9,0,0), C299))) * 24), 1))) -> 0 | R299: =IF(ISNUMBER(SEARCH("Complete", H299)), 1, 0) -> 0
A300: =IF(ISBLANK(B300), "", A299+1) | O300: =IF(ISBLANK(B300), 0, IF(ISNUMBER(SEARCH("Complete", H300)), IF(ISBLANK(M300), IF(L300="Closed", 4, ROUND(MAX(0, (NOW() - (B300 + IF(ISBLANK(C300), TIME(9,0,0), C300))) * 24), 1)), ROUND(MAX(0, ((M300 + IF(ISBLANK(N300), TIME(18,0,0), N300)) - (B300 + IF(ISBLANK(C300), TIME(9,0,0), C300))) * 24), 1)), 0)) -> 0 | P300: =ROUND(O300 / 24, 2) -> 0 | Q300: =IF(ISBLANK(B300), 0, IF(ISBLANK(M300), IF(L300="Closed", 4, ROUND(MAX(0, (NOW() - (B300 + IF(ISBLANK(C300), TIME(9,0,0), C300))) * 24), 1)), ROUND(MAX(0, ((M300 + IF(ISBLANK(N300), TIME(18,0,0), N300)) - (B300 + IF(ISBLANK(C300), TIME(9,0,0), C300))) * 24), 1))) -> 0 | R300: =IF(ISNUMBER(SEARCH("Complete", H300)), 1, 0) -> 0
A301: =IF(ISBLANK(B301), "", A300+1) | O301: =IF(ISBLANK(B301), 0, IF(ISNUMBER(SEARCH("Complete", H301)), IF(ISBLANK(M301), IF(L301="Closed", 4, ROUND(MAX(0, (NOW() - (B301 + IF(ISBLANK(C301), TIME(9,0,0), C301))) * 24), 1)), ROUND(MAX(0, ((M301 + IF(ISBLANK(N301), TIME(18,0,0), N301)) - (B301 + IF(ISBLANK(C301), TIME(9,0,0), C301))) * 24), 1)), 0)) -> 0 | P301: =ROUND(O301 / 24, 2) -> 0 | Q301: =IF(ISBLANK(B301), 0, IF(ISBLANK(M301), IF(L301="Closed", 4, ROUND(MAX(0, (NOW() - (B301 + IF(ISBLANK(C301), TIME(9,0,0), C301))) * 24), 1)), ROUND(MAX(0, ((M301 + IF(ISBLANK(N301), TIME(18,0,0), N301)) - (B301 + IF(ISBLANK(C301), TIME(9,0,0), C301))) * 24), 1))) -> 0 | R301: =IF(ISNUMBER(SEARCH("Complete", H301)), 1, 0) -> 0
A302: =IF(ISBLANK(B302), "", A301+1) | O302: =IF(ISBLANK(B302), 0, IF(ISNUMBER(SEARCH("Complete", H302)), IF(ISBLANK(M302), IF(L302="Closed", 4, ROUND(MAX(0, (NOW() - (B302 + IF(ISBLANK(C302), TIME(9,0,0), C302))) * 24), 1)), ROUND(MAX(0, ((M302 + IF(ISBLANK(N302), TIME(18,0,0), N302)) - (B302 + IF(ISBLANK(C302), TIME(9,0,0), C302))) * 24), 1)), 0)) -> 0 | P302: =ROUND(O302 / 24, 2) -> 0 | Q302: =IF(ISBLANK(B302), 0, IF(ISBLANK(M302), IF(L302="Closed", 4, ROUND(MAX(0, (NOW() - (B302 + IF(ISBLANK(C302), TIME(9,0,0), C302))) * 24), 1)), ROUND(MAX(0, ((M302 + IF(ISBLANK(N302), TIME(18,0,0), N302)) - (B302 + IF(ISBLANK(C302), TIME(9,0,0), C302))) * 24), 1))) -> 0 | R302: =IF(ISNUMBER(SEARCH("Complete", H302)), 1, 0) -> 0
A303: =IF(ISBLANK(B303), "", A302+1) | O303: =IF(ISBLANK(B303), 0, IF(ISNUMBER(SEARCH("Complete", H303)), IF(ISBLANK(M303), IF(L303="Closed", 4, ROUND(MAX(0, (NOW() - (B303 + IF(ISBLANK(C303), TIME(9,0,0), C303))) * 24), 1)), ROUND(MAX(0, ((M303 + IF(ISBLANK(N303), TIME(18,0,0), N303)) - (B303 + IF(ISBLANK(C303), TIME(9,0,0), C303))) * 24), 1)), 0)) -> 0 | P303: =ROUND(O303 / 24, 2) -> 0 | Q303: =IF(ISBLANK(B303), 0, IF(ISBLANK(M303), IF(L303="Closed", 4, ROUND(MAX(0, (NOW() - (B303 + IF(ISBLANK(C303), TIME(9,0,0), C303))) * 24), 1)), ROUND(MAX(0, ((M303 + IF(ISBLANK(N303), TIME(18,0,0), N303)) - (B303 + IF(ISBLANK(C303), TIME(9,0,0), C303))) * 24), 1))) -> 0 | R303: =IF(ISNUMBER(SEARCH("Complete", H303)), 1, 0) -> 0
A304: =IF(ISBLANK(B304), "", A303+1) | O304: =IF(ISBLANK(B304), 0, IF(ISNUMBER(SEARCH("Complete", H304)), IF(ISBLANK(M304), IF(L304="Closed", 4, ROUND(MAX(0, (NOW() - (B304 + IF(ISBLANK(C304), TIME(9,0,0), C304))) * 24), 1)), ROUND(MAX(0, ((M304 + IF(ISBLANK(N304), TIME(18,0,0), N304)) - (B304 + IF(ISBLANK(C304), TIME(9,0,0), C304))) * 24), 1)), 0)) -> 0 | P304: =ROUND(O304 / 24, 2) -> 0 | Q304: =IF(ISBLANK(B304), 0, IF(ISBLANK(M304), IF(L304="Closed", 4, ROUND(MAX(0, (NOW() - (B304 + IF(ISBLANK(C304), TIME(9,0,0), C304))) * 24), 1)), ROUND(MAX(0, ((M304 + IF(ISBLANK(N304), TIME(18,0,0), N304)) - (B304 + IF(ISBLANK(C304), TIME(9,0,0), C304))) * 24), 1))) -> 0 | R304: =IF(ISNUMBER(SEARCH("Complete", H304)), 1, 0) -> 0
A305: =IF(ISBLANK(B305), "", A304+1) | O305: =IF(ISBLANK(B305), 0, IF(ISNUMBER(SEARCH("Complete", H305)), IF(ISBLANK(M305), IF(L305="Closed", 4, ROUND(MAX(0, (NOW() - (B305 + IF(ISBLANK(C305), TIME(9,0,0), C305))) * 24), 1)), ROUND(MAX(0, ((M305 + IF(ISBLANK(N305), TIME(18,0,0), N305)) - (B305 + IF(ISBLANK(C305), TIME(9,0,0), C305))) * 24), 1)), 0)) -> 0 | P305: =ROUND(O305 / 24, 2) -> 0 | Q305: =IF(ISBLANK(B305), 0, IF(ISBLANK(M305), IF(L305="Closed", 4, ROUND(MAX(0, (NOW() - (B305 + IF(ISBLANK(C305), TIME(9,0,0), C305))) * 24), 1)), ROUND(MAX(0, ((M305 + IF(ISBLANK(N305), TIME(18,0,0), N305)) - (B305 + IF(ISBLANK(C305), TIME(9,0,0), C305))) * 24), 1))) -> 0 | R305: =IF(ISNUMBER(SEARCH("Complete", H305)), 1, 0) -> 0
A306: TOTAL | O306: =SUM(O5:O305) -> 40718.7 | P306: =SUM(P5:P305) -> 1696.62 | Q306: =SUM(Q5:Q305) -> 59774.3 | R306: =SUM(R5:R305) -> 154

Sheet ⚙️ Lookup Lists
A1: Simple Category List | B1: Operational Impact / Severity | C1: Status Options | D1: Handled By / Service Provider
A2: Water & Plumbing | B2: 🔴 Complete Breakdown (Full Downtime) | C2: Closed | D2: In-House Team
A3: HVAC & Cooling | B3: 🟡 Partial Breakdown (Machine Operational) | C3: In Progress (WIP) | D3: Vendor / OEM
A4: Electrical & Power | C4: Open | D4: DLF / Landlord Team
A5: Cafeteria Equipment | C5: Pending Spare Parts | D5: Project Team
A6: Doors & Access Gates
A7: Fire, Safety & BMS
